TIME,VALUE,LABEL
0.000000000,0
0.021333333,0
0.042666667,0
0.064000000,0
0.085333333,0
0.106666667,0
0.128000000,0
0.149333333,0
0.170666667,0
0.192000000,0
0.213333333,0.151634
0.234666667,2.92832
0.256000000,2.49479
0.277333333,0
0.298666667,0
0.320000000,0
0.341333333,0
0.362666667,0
0.384000000,0
0.405333333,0
0.426666667,0
0.448000000,0
0.469333333,0
0.490666667,0
0.512000000,0
0.533333333,0
0.554666667,0
0.576000000,0
0.597333333,0
0.618666667,0
0.640000000,0
0.661333333,0
0.682666667,0
0.704000000,0
0.725333333,0
0.746666667,0
0.768000000,0
0.789333333,0
0.810666667,0.00253049
0.832000000,0
0.853333333,0
0.874666667,0.00562464
0.896000000,0
0.917333333,0
0.938666667,0.00843802
0.960000000,0
0.981333333,0
1.002666667,0.0179059
1.024000000,0
1.045333333,0
1.066666667,0
1.088000000,0
1.109333333,0.00287348
1.130666667,0.000250945
1.152000000,0
1.173333333,0.0101559
1.194666667,0
1.216000000,0
1.237333333,0
1.258666667,0.0120048
1.280000000,0
1.301333333,0
1.322666667,0.00266035
1.344000000,0
1.365333333,0.00518895
1.386666667,0.00177919
1.408000000,0.00106919
1.429333333,0.0049789
1.450666667,0.0128388
1.472000000,0.013757
1.493333333,0
1.514666667,0
1.536000000,0
1.557333333,0
1.578666667,0
1.600000000,0.0137378
1.621333333,0.0314853
1.642666667,0.00792104
1.664000000,0
1.685333333,0
1.706666667,0
1.728000000,0
1.749333333,0
1.770666667,0.00135984
1.792000000,0.0173279
1.813333333,0.000897903
1.834666667,0
1.856000000,0.00688471
1.877333333,0.0144569
1.898666667,0
1.920000000,0
1.941333333,0.0168539
1.962666667,0
1.984000000,0
2.005333333,0
2.026666667,0
2.048000000,0
2.069333333,0
2.090666667,0
2.112000000,0.0401029
2.133333333,0.00101072
2.154666667,0
2.176000000,0.000293804
2.197333333,0.0413904
2.218666667,0.0161508
2.240000000,0
2.261333333,0
2.282666667,0
2.304000000,0
2.325333333,0
2.346666667,0
2.368000000,0
2.389333333,0.00106392
2.410666667,0.00391499
2.432000000,0.0130563
2.453333333,0.0157432
2.474666667,0
2.496000000,0
2.517333333,0
2.538666667,0
2.560000000,0.00767361
2.581333333,0.0112781
2.602666667,0
2.624000000,0
2.645333333,0
2.666666667,0.0187047
2.688000000,0.00181922
2.709333333,0.001315
2.730666667,0.0234042
2.752000000,0.0170648
2.773333333,0.0312919
2.794666667,0
2.816000000,0
2.837333333,0
2.858666667,0
2.880000000,0
2.901333333,0
2.922666667,0.0370767
2.944000000,0.0278627
2.965333333,0
2.986666667,0
3.008000000,0
3.029333333,0
3.050666667,0
3.072000000,0
3.093333333,0.00471867
3.114666667,0.0279018
3.136000000,0
3.157333333,0
3.178666667,0
3.200000000,0
3.221333333,0
3.242666667,0.00894655
3.264000000,0.0292252
3.285333333,0.0124786
3.306666667,0
3.328000000,0.00156597
3.349333333,0
3.370666667,0.0204662
3.392000000,0.0219733
3.413333333,0
3.434666667,0
3.456000000,0
3.477333333,0.0225983
3.498666667,0.0209194
3.520000000,0.0131351
3.541333333,0.0196308
3.562666667,0
3.584000000,0
3.605333333,0
3.626666667,0
3.648000000,0
3.669333333,0.0222905
3.690666667,0.0252094
3.712000000,0.0504481
3.733333333,0
3.754666667,0.0073259
3.776000000,0.0216311
3.797333333,0
3.818666667,0
3.840000000,0
3.861333333,0
3.882666667,0
3.904000000,0
3.925333333,0
3.946666667,0
3.968000000,0.0253945
3.989333333,0.0176889
4.010666667,0
4.032000000,0
4.053333333,0
4.074666667,0
4.096000000,0.00252113
4.117333333,0.00809597
4.138666667,0
4.160000000,0.00826344
4.181333333,0
4.202666667,0.0135594
4.224000000,0
4.245333333,0
4.266666667,0
4.288000000,0.00643375
4.309333333,0.00667709
4.330666667,0
4.352000000,0.0299928
4.373333333,0.0257845
4.394666667,0.00276406
4.416000000,0.00983544
4.437333333,0
4.458666667,0
4.480000000,0.0251785
4.501333333,0
4.522666667,0
4.544000000,0
4.565333333,0.00961407
4.586666667,0
4.608000000,0
4.629333333,0.0123598
4.650666667,0
4.672000000,0
4.693333333,0
4.714666667,0
4.736000000,0.00954869
4.757333333,0.0236649
4.778666667,0
4.800000000,0.00645348
4.821333333,0.00302013
4.842666667,0
4.864000000,0
4.885333333,0
4.906666667,0.0584569
4.928000000,0.0100127
4.949333333,0.0087969
4.970666667,0
4.992000000,0
5.013333333,0
5.034666667,0
5.056000000,0
5.077333333,0.0113997
5.098666667,0.00191195
5.120000000,0.0154502
5.141333333,0
5.162666667,0.00943714
5.184000000,0.007294
5.205333333,0
5.226666667,0.0173917
5.248000000,0.0395411
5.269333333,0.000687761
5.290666667,0
5.312000000,0
5.333333333,0
5.354666667,0
5.376000000,0.0154217
5.397333333,0
5.418666667,0
5.440000000,0.022161
5.461333333,0.0366699
5.482666667,0.00541545
5.504000000,0
5.525333333,0.00292186
5.546666667,0
5.568000000,0
5.589333333,0
5.610666667,0.0148461
5.632000000,0.00587054
5.653333333,0
5.674666667,0
5.696000000,0
5.717333333,0.00585216
5.738666667,0.0111471
5.760000000,0
5.781333333,0.0203065
5.802666667,0.0292854
5.824000000,0
5.845333333,0
5.866666667,0.00183044
5.888000000,0
5.909333333,0.00669467
5.930666667,0
5.952000000,0.0106006
5.973333333,0
5.994666667,0.00454842
6.016000000,0.00221465
6.037333333,0
6.058666667,0.0118309
6.080000000,0.00352672
6.101333333,0.00817791
6.122666667,0.00286017
6.144000000,0
6.165333333,0
6.186666667,0.00500187
6.208000000,0
6.229333333,0.00477028
6.250666667,0
6.272000000,0
6.293333333,0.0126952
6.314666667,0
6.336000000,0.00485676
6.357333333,0
6.378666667,0
6.400000000,0.00047891
6.421333333,0
6.442666667,0.00558128
6.464000000,0.0280172
6.485333333,0.0036385
6.506666667,0
6.528000000,0
6.549333333,0
6.570666667,0
6.592000000,0
6.613333333,0
6.634666667,0.0546007
6.656000000,0.00131692
6.677333333,0
6.698666667,0
6.720000000,0.00380312
6.741333333,0
6.762666667,0.00201656
6.784000000,0.00344517
6.805333333,0.023071
6.826666667,0.0118049
6.848000000,0.00760647
6.869333333,0
6.890666667,0.0139796
6.912000000,0
6.933333333,0
6.954666667,0
6.976000000,0
6.997333333,0
7.018666667,0
7.040000000,0
7.061333333,0
7.082666667,0
7.104000000,0.0222915
7.125333333,0.00809113
7.146666667,0
7.168000000,0.0209054
7.189333333,0.00255798
7.210666667,0
7.232000000,0
7.253333333,0.0785084
7.274666667,0.00286457
7.296000000,0
7.317333333,0
7.338666667,0
7.360000000,0.00779523
7.381333333,0
7.402666667,0
7.424000000,0
7.445333333,0
7.466666667,0.00716894
7.488000000,0
7.509333333,0
7.530666667,0
7.552000000,0
7.573333333,0
7.594666667,0
7.616000000,0.00642928
7.637333333,0.0193752
7.658666667,0.0370427
7.680000000,0.0144259
7.701333333,0
7.722666667,0
7.744000000,0
7.765333333,0
7.786666667,0
7.808000000,0.0284545
7.829333333,0.0383878
7.850666667,0
7.872000000,0
7.893333333,0
7.914666667,0.0166603
7.936000000,0
7.957333333,0
7.978666667,0
8.000000000,0.0121496
8.021333333,0.00585783
8.042666667,0
8.064000000,0
8.085333333,0.0152691
8.106666667,0.0354369
8.128000000,0.000354689
8.149333333,0
8.170666667,0
8.192000000,0.022683
8.213333333,0.0156463
8.234666667,0
8.256000000,0
8.277333333,0
8.298666667,0
8.320000000,0
8.341333333,0.00706209
8.362666667,0.0243539
8.384000000,0.0172886
8.405333333,0
8.426666667,0
8.448000000,0
8.469333333,0
8.490666667,0.00642091
8.512000000,0.010595
8.533333333,0.0200581
8.554666667,0
8.576000000,0.0152697
8.597333333,0.00545365
8.618666667,0.00233085
8.640000000,0
8.661333333,0.0105398
8.682666667,0
8.704000000,0
8.725333333,0
8.746666667,0.00152358
8.768000000,0.0145813
8.789333333,0.0036264
8.810666667,0
8.832000000,0.0151159
8.853333333,0.0241002
8.874666667,0
8.896000000,0
8.917333333,0
8.938666667,0
8.960000000,0.000571411
8.981333333,0
9.002666667,0
9.024000000,0.0138371
9.045333333,0.0228378
9.066666667,0.00811276
9.088000000,0
9.109333333,0
9.130666667,0.00133444
9.152000000,0
9.173333333,0
9.194666667,0
9.216000000,0.0080117
9.237333333,0.0183252
9.258666667,0
9.280000000,0
9.301333333,0.0307986
9.322666667,0.0197021
9.344000000,0
9.365333333,0.00919542
9.386666667,0
9.408000000,0
9.429333333,0
9.450666667,0
9.472000000,0.00984462
9.493333333,0
9.514666667,0.000510421
9.536000000,0
9.557333333,0
9.578666667,0
9.600000000,0.0094808
9.621333333,0
9.642666667,0
9.664000000,0
9.685333333,0
9.706666667,0.00769507
9.728000000,0.00547427
9.749333333,0.0364899
9.770666667,0.000322653
9.792000000,0
9.813333333,0
9.834666667,0
9.856000000,0
9.877333333,0
9.898666667,0.0336491
9.920000000,0.0222336
9.941333333,0
9.962666667,0
9.984000000,0
10.005333333,0.00256508
10.026666667,0.0499308
10.048000000,0.000168115
10.069333333,0.00778989
10.090666667,0.0105569
10.112000000,0
10.133333333,0
10.154666667,0
10.176000000,0
10.197333333,0
10.218666667,0
10.240000000,0.0532116
10.261333333,0.0750347
10.282666667,0
10.304000000,0.00280691
10.325333333,0
10.346666667,0
10.368000000,0
10.389333333,0
10.410666667,0.00324188
10.432000000,0
10.453333333,0
10.474666667,0.00633667
10.496000000,0.0102305
10.517333333,0.0247468
10.538666667,0
10.560000000,0
10.581333333,0
10.602666667,0
10.624000000,0
10.645333333,0.00847835
10.666666667,0.0187535
10.688000000,0.00546491
10.709333333,0.00876219
10.730666667,0.006544
10.752000000,0
10.773333333,0
10.794666667,0
10.816000000,0
10.837333333,0
10.858666667,0
10.880000000,0.000781618
10.901333333,0.0010328
10.922666667,0
10.944000000,0.0038036
10.965333333,0.0178664
10.986666667,0.0161333
11.008000000,0.00153469
11.029333333,0
11.050666667,0
11.072000000,0
11.093333333,0.00157463
11.114666667,0
11.136000000,0
11.157333333,0
11.178666667,0.0558316
11.200000000,0.0117584
11.221333333,0.0219387
11.242666667,0.00967898
11.264000000,0
11.285333333,0.0311832
11.306666667,0
11.328000000,0
11.349333333,0
11.370666667,0.00342221
11.392000000,0
11.413333333,0
11.434666667,0.000340158
11.456000000,0.00170958
11.477333333,0.0417229
11.498666667,0.0424903
11.520000000,0
11.541333333,0
11.562666667,0
11.584000000,0
11.605333333,0.000497246
11.626666667,0.0203931
11.648000000,0
11.669333333,0
11.690666667,0
11.712000000,0
11.733333333,0
11.754666667,0
11.776000000,0.0303941
11.797333333,0
11.818666667,0.00684633
11.840000000,0
11.861333333,0
11.882666667,0
11.904000000,0.0099185
11.925333333,0.0842942
11.946666667,0
11.968000000,0
11.989333333,0
12.010666667,0.0141935
12.032000000,0
12.053333333,0
12.074666667,0
12.096000000,0.0454197
12.117333333,0.026737
12.138666667,0
12.160000000,0
12.181333333,0
12.202666667,0
12.224000000,0.000844596
12.245333333,0
12.266666667,0
12.288000000,0
12.309333333,0
12.330666667,0
12.352000000,0
12.373333333,0.00952843
12.394666667,0.0445266
12.416000000,0.0107719
12.437333333,0.000593435
12.458666667,0.0109084
12.480000000,0
12.501333333,0
12.522666667,0
12.544000000,0.0103771
12.565333333,0.00717421
12.586666667,0.0244615
12.608000000,0.0135342
12.629333333,0
12.650666667,0
12.672000000,0
12.693333333,0.00756839
12.714666667,0
12.736000000,0
12.757333333,0
12.778666667,0.0022133
12.800000000,0.0128796
12.821333333,0
12.842666667,0.00883429
12.864000000,0.00396967
12.885333333,0
12.906666667,0
12.928000000,0.00458842
12.949333333,0.0189226
12.970666667,0.00454612
12.992000000,0
13.013333333,0.00655848
13.034666667,0
13.056000000,0.0116634
13.077333333,0
13.098666667,0
13.120000000,0
13.141333333,0.0176069
13.162666667,0
13.184000000,0
13.205333333,0
13.226666667,0.0255984
13.248000000,0
13.269333333,0.0311378
13.290666667,0.0208207
13.312000000,0
13.333333333,0
13.354666667,0
13.376000000,0
13.397333333,0.00457611
13.418666667,0.0103257
13.440000000,0
13.461333333,0.0231767
13.482666667,0
13.504000000,0
13.525333333,0
13.546666667,0
13.568000000,0.00789839
13.589333333,0
13.610666667,0.0425528
13.632000000,0
13.653333333,0
13.674666667,0.000632582
13.696000000,0.0572395
13.717333333,0
13.738666667,0.0203574
13.760000000,0.000908991
13.781333333,0.0187417
13.802666667,0
13.824000000,0
13.845333333,0
13.866666667,0.00129709
13.888000000,0
13.909333333,0
13.930666667,0
13.952000000,0.0219091
13.973333333,0.0186091
13.994666667,0
14.016000000,0
14.037333333,0.000406653
14.058666667,0
14.080000000,0
14.101333333,0.0187755
14.122666667,0
14.144000000,0
14.165333333,0
14.186666667,0
14.208000000,0
14.229333333,0.0120931
14.250666667,0
14.272000000,0
14.293333333,0.00489621
14.314666667,0
14.336000000,0
14.357333333,0.0139433
14.378666667,0.0371661
14.400000000,0
14.421333333,0
14.442666667,0
14.464000000,0
14.485333333,0.000646558
14.506666667,0.01004
14.528000000,0.0451123
14.549333333,0.0157547
14.570666667,0.00278943
14.592000000,0
14.613333333,0
14.634666667,0
14.656000000,0
14.677333333,0
14.698666667,0
14.720000000,0.00679603
14.741333333,0.0174875
14.762666667,0
14.784000000,0
14.805333333,0.0188866
14.826666667,0
14.848000000,0
14.869333333,0
14.890666667,0.0370162
14.912000000,0
14.933333333,0
14.954666667,0
14.976000000,0
14.997333333,0
15.018666667,0.0692876
15.040000000,0.00653168
15.061333333,0
15.082666667,0
15.104000000,0
15.125333333,0.00840503
15.146666667,0
15.168000000,0
15.189333333,0
15.210666667,0.0228559
15.232000000,0.0349435
15.253333333,0
15.274666667,0.00620749
15.296000000,0
15.317333333,0
15.338666667,0
15.360000000,0
15.381333333,0.0704981
15.402666667,0
15.424000000,0
15.445333333,0
15.466666667,0.01604
15.488000000,0
15.509333333,0
15.530666667,0
15.552000000,0
15.573333333,0.0139479
15.594666667,0.0625575
15.616000000,0.00768895
15.637333333,0
15.658666667,0
15.680000000,0
15.701333333,0
15.722666667,0.01194
15.744000000,0
15.765333333,0
15.786666667,0.00399106
15.808000000,0
15.829333333,0
15.850666667,0
15.872000000,0
15.893333333,0.00221175
15.914666667,0
15.936000000,0
15.957333333,0.0842851
15.978666667,0
16.000000000,0
16.021333333,0
16.042666667,0
16.064000000,0
16.085333333,0.0038794
16.106666667,0.0136286
16.128000000,0
16.149333333,0.00836283
16.170666667,0.0013066
16.192000000,0
16.213333333,0
16.234666667,0.0222637
16.256000000,0.0427423
16.277333333,0.00678925
16.298666667,0
16.320000000,0
16.341333333,0.00678893
16.362666667,0
16.384000000,0
16.405333333,0
16.426666667,0.00610655
16.448000000,0
16.469333333,0
16.490666667,0
16.512000000,0.0420281
16.533333333,0
16.554666667,0
16.576000000,0
16.597333333,0.0272423
16.618666667,0
16.640000000,0
16.661333333,0
16.682666667,0
16.704000000,0
16.725333333,0.00221443
16.746666667,0
16.768000000,0
16.789333333,0
16.810666667,0
16.832000000,0
16.853333333,0.0461901
16.874666667,0.0478539
16.896000000,0
16.917333333,0
16.938666667,0
16.960000000,0.00128303
16.981333333,0.0175244
17.002666667,0
17.024000000,0
17.045333333,3.99277e-05
17.066666667,0.00365726
17.088000000,0.0578707
17.109333333,0.0580561
17.130666667,0
17.152000000,0
17.173333333,0.00289414
17.194666667,0
17.216000000,0
17.237333333,0
17.258666667,0
17.280000000,0
17.301333333,0
17.322666667,0
17.344000000,0.00543279
17.365333333,0.011418
17.386666667,0
17.408000000,0
17.429333333,0
17.450666667,0
17.472000000,0
17.493333333,0.000682991
17.514666667,0.040299
17.536000000,0
17.557333333,0
17.578666667,0.0066316
17.600000000,0
17.621333333,0.023708
17.642666667,0.0306412
17.664000000,0
17.685333333,0
17.706666667,0
17.728000000,0
17.749333333,0.00657379
17.770666667,0.00995022
17.792000000,0
17.813333333,0.00602566
17.834666667,0
17.856000000,0
17.877333333,0
17.898666667,0
17.920000000,0
17.941333333,0
17.962666667,0.026756
17.984000000,0.00707967
18.005333333,0
18.026666667,0.00456886
18.048000000,0.015695
18.069333333,0
18.090666667,0.0112633
18.112000000,0.00461534
18.133333333,0.00696406
18.154666667,0.00335622
18.176000000,0.00391731
18.197333333,0
18.218666667,0
18.240000000,0.00758527
18.261333333,0
18.282666667,0.00522383
18.304000000,0.018417
18.325333333,0.0175864
18.346666667,0
18.368000000,0
18.389333333,0.00801332
18.410666667,0
18.432000000,0
18.453333333,0.00241099
18.474666667,0
18.496000000,0
18.517333333,0
18.538666667,0.00532767
18.560000000,0.0155772
18.581333333,0
18.602666667,0
18.624000000,0
18.645333333,0.0151287
18.666666667,0.0245458
18.688000000,0
18.709333333,0
18.730666667,0
18.752000000,0
18.773333333,0.0122142
18.794666667,0
18.816000000,0
18.837333333,0
18.858666667,0.0119434
18.880000000,0
18.901333333,0
18.922666667,0
18.944000000,0
18.965333333,0
18.986666667,0
19.008000000,0
19.029333333,0.0224773
19.050666667,0.0312115
19.072000000,0
19.093333333,0
19.114666667,0.0238533
19.136000000,0.0272095
19.157333333,0
19.178666667,0
19.200000000,0.0139615
19.221333333,0.0218774
19.242666667,0.00378358
19.264000000,0
19.285333333,0
19.306666667,0
19.328000000,0
19.349333333,0
19.370666667,0
19.392000000,0.000333551
19.413333333,0
19.434666667,0
19.456000000,0.00414431
19.477333333,0
19.498666667,0
19.520000000,0
19.541333333,0.00451875
19.562666667,0
19.584000000,0
19.605333333,0
19.626666667,0
19.648000000,0.0379698
19.669333333,0.0672844
19.690666667,0
19.712000000,0
19.733333333,0.0028317
19.754666667,0.0383141
19.776000000,0
19.797333333,0.00602531
19.818666667,0
19.840000000,0
19.861333333,0
19.882666667,0
19.904000000,0.0137201
19.925333333,0
19.946666667,0
19.968000000,0.00478105
19.989333333,0
20.010666667,0
20.032000000,0
20.053333333,0.0221056
20.074666667,0
20.096000000,0
20.117333333,0
20.138666667,0
20.160000000,0
20.181333333,0
20.202666667,0
20.224000000,0
20.245333333,0
20.266666667,0
20.288000000,0
20.309333333,0.0108
20.330666667,0
20.352000000,0
20.373333333,0
20.394666667,0.0109421
20.416000000,0.00202786
20.437333333,0
20.458666667,0.0138537
20.480000000,0
20.501333333,0
20.522666667,0.00996718
20.544000000,0
20.565333333,0
20.586666667,0.00206556
20.608000000,0.00535342
20.629333333,0.00429612
20.650666667,0
20.672000000,0
20.693333333,0
20.714666667,0
20.736000000,0
20.757333333,0
20.778666667,0
20.800000000,0.00121499
20.821333333,0
20.842666667,0
20.864000000,0.00521617
20.885333333,0.00322318
20.906666667,0
20.928000000,0
20.949333333,0.000239
20.970666667,0.00857796
20.992000000,0
21.013333333,0.0032949
21.034666667,0
21.056000000,0
21.077333333,0
21.098666667,0
21.120000000,0.0466912
21.141333333,0
21.162666667,0
21.184000000,0
21.205333333,0.015855
21.226666667,0
21.248000000,0.000826078
21.269333333,0.00107284
21.290666667,0
21.312000000,0.00715378
21.333333333,0
21.354666667,0
21.376000000,0.00777945
21.397333333,0
21.418666667,0
21.440000000,0.0373716
21.461333333,0
21.482666667,0
21.504000000,0
21.525333333,0.00839929
21.546666667,0.0160795
21.568000000,0.0045961
21.589333333,0
21.610666667,0.00108116
21.632000000,0.0104924
21.653333333,0
21.674666667,0
21.696000000,0
21.717333333,0
21.738666667,0.00380492
21.760000000,0
21.781333333,0
21.802666667,0.0144043
21.824000000,0.00941181
21.845333333,0
21.866666667,0
21.888000000,0
21.909333333,0.00691071
21.930666667,0.0154901
21.952000000,0.109123
21.973333333,0
21.994666667,0
22.016000000,0
22.037333333,0
22.058666667,0
22.080000000,0
22.101333333,0
22.122666667,0.000721669
22.144000000,0.0598616
22.165333333,0.0183845
22.186666667,0
22.208000000,0
22.229333333,0
22.250666667,0.000270054
22.272000000,0
22.293333333,0
22.314666667,0
22.336000000,0
22.357333333,0.00429498
22.378666667,0.0129681
22.400000000,0.0305598
22.421333333,0.00564905
22.442666667,0.0292053
22.464000000,0
22.485333333,0
22.506666667,0
22.528000000,0
22.549333333,0
22.570666667,0.0687308
22.592000000,0
22.613333333,0
22.634666667,0
22.656000000,0
22.677333333,0.00565722
22.698666667,0.012219
22.720000000,0.0392957
22.741333333,0.0789398
22.762666667,0
22.784000000,0
22.805333333,0.0182398
22.826666667,0
22.848000000,0
22.869333333,0
22.890666667,0
22.912000000,0
22.933333333,0
22.954666667,0
22.976000000,0
22.997333333,0
23.018666667,0.000577673
23.040000000,0
23.061333333,0
23.082666667,0.0107756
23.104000000,0
23.125333333,0
23.146666667,0
23.168000000,0
23.189333333,0
23.210666667,0.0180968
23.232000000,0
23.253333333,0
23.274666667,0
23.296000000,0
23.317333333,0.00294194
23.338666667,0
23.360000000,0.0578194
23.381333333,0
23.402666667,0
23.424000000,0
23.445333333,0.00338351
23.466666667,0.0132498
23.488000000,0.0031847
23.509333333,0
23.530666667,0.00780196
23.552000000,0
23.573333333,0
23.594666667,0
23.616000000,0
23.637333333,0.00830613
23.658666667,0
23.680000000,0
23.701333333,0.00562078
23.722666667,0
23.744000000,0.000574255
23.765333333,0
23.786666667,0
23.808000000,0
23.829333333,0.0163564
23.850666667,0.00634181
23.872000000,0
23.893333333,0
23.914666667,0.0233745
23.936000000,0.0188761
23.957333333,0
23.978666667,0
24.000000000,0
24.021333333,0
24.042666667,0
24.064000000,0.0100005
24.085333333,0
24.106666667,0.0719366
24.128000000,0.0128695
24.149333333,0
24.170666667,0
24.192000000,0
24.213333333,0
24.234666667,0.00200109
24.256000000,0.00307003
24.277333333,0
24.298666667,0
24.320000000,0
24.341333333,0
24.362666667,0.0263755
24.384000000,0.0114577
24.405333333,0
24.426666667,0
24.448000000,0
24.469333333,0
24.490666667,0
24.512000000,0
24.533333333,0
24.554666667,0
24.576000000,0.0351232
24.597333333,0.0546632
24.618666667,0.0131611
24.640000000,0
24.661333333,0
24.682666667,0
24.704000000,0
24.725333333,0.00263527
24.746666667,0.0295133
24.768000000,0.0317999
24.789333333,0.0878567
24.810666667,0.00207616
24.832000000,0
24.853333333,0
24.874666667,0
24.896000000,0
24.917333333,0
24.938666667,0
24.960000000,0
24.981333333,0.00583833
25.002666667,0
25.024000000,0
25.045333333,0.00410945
25.066666667,0
25.088000000,0
25.109333333,0.00194135
25.130666667,0
25.152000000,0
25.173333333,0
25.194666667,0
25.216000000,0
25.237333333,0.0091907
25.258666667,0.000917237
25.280000000,0
25.301333333,0
25.322666667,0
25.344000000,0.00246998
25.365333333,0.00425692
25.386666667,0
25.408000000,0.00892084
25.429333333,0.00302756
25.450666667,0.000569513
25.472000000,0.00723622
25.493333333,0.0211388
25.514666667,0
25.536000000,0
25.557333333,0
25.578666667,0.0373276
25.600000000,0
25.621333333,0
25.642666667,0
25.664000000,0
25.685333333,0
25.706666667,0
25.728000000,0.00498651
25.749333333,0
25.770666667,0
25.792000000,0.00839741
25.813333333,0.0291659
25.834666667,0.00266142
25.856000000,0
25.877333333,0
25.898666667,0
25.920000000,0.00847382
25.941333333,0
25.962666667,0.000229916
25.984000000,0.0199055
26.005333333,0
26.026666667,0
26.048000000,0
26.069333333,0
26.090666667,0.0124324
26.112000000,0
26.133333333,0.00743512
26.154666667,0
26.176000000,0.058515
26.197333333,0.0129616
26.218666667,0
26.240000000,0
26.261333333,0
26.282666667,0
26.304000000,0
26.325333333,0
26.346666667,0.00415173
26.368000000,0
26.389333333,0
26.410666667,0
26.432000000,0.00121266
26.453333333,0.012356
26.474666667,0
26.496000000,0
26.517333333,0
26.538666667,0
26.560000000,0.0145892
26.581333333,0.00631993
26.602666667,0
26.624000000,0
26.645333333,0.00177118
26.666666667,0.00573914
26.688000000,0.000999774
26.709333333,0.0153337
26.730666667,0.0244866
26.752000000,0.0135883
26.773333333,0
26.794666667,0
26.816000000,0
26.837333333,0
26.858666667,0
26.880000000,0
26.901333333,0.00222466
26.922666667,0
26.944000000,0
26.965333333,0.0190901
26.986666667,0.0192907
27.008000000,0
27.029333333,0
27.050666667,0
27.072000000,0
27.093333333,0
27.114666667,0
27.136000000,0
27.157333333,0
27.178666667,0.0165106
27.200000000,0
27.221333333,0.00111174
27.242666667,0.00878961
27.264000000,0
27.285333333,0
27.306666667,0
27.328000000,0
27.349333333,0
27.370666667,0.0266762
27.392000000,0.00766265
27.413333333,0
27.434666667,0
27.456000000,0
27.477333333,0.00730815
27.498666667,0
27.520000000,0
27.541333333,0
27.562666667,0
27.584000000,0
27.605333333,0.00758289
27.626666667,0.00813469
27.648000000,0
27.669333333,0.0313604
27.690666667,0.0436643
27.712000000,0
27.733333333,0.0167
27.754666667,0.00500075
27.776000000,0
27.797333333,0.00716171
27.818666667,0.0344037
27.840000000,0.00509518
27.861333333,0
27.882666667,0
27.904000000,0
27.925333333,0
27.946666667,0.00318973
27.968000000,0.00813831
27.989333333,0.0108214
28.010666667,0
28.032000000,0
28.053333333,0
28.074666667,0
28.096000000,0
28.117333333,0
28.138666667,0
28.160000000,0
28.181333333,0
28.202666667,0
28.224000000,0.0381067
28.245333333,0
28.266666667,0
28.288000000,0
28.309333333,0
28.330666667,0.00028675
28.352000000,0.000781467
28.373333333,0
28.394666667,0
28.416000000,0
28.437333333,0
28.458666667,0
28.480000000,0.000516186
28.501333333,0
28.522666667,0
28.544000000,0
28.565333333,0.037439
28.586666667,0.0493787
28.608000000,0
28.629333333,0
28.650666667,0
28.672000000,0
28.693333333,0.0383014
28.714666667,0.00389123
28.736000000,0
28.757333333,0
28.778666667,0
28.800000000,0
28.821333333,0
28.842666667,0.0152121
28.864000000,0.0262029
28.885333333,4.67915e-05
28.906666667,0
28.928000000,0
28.949333333,0
28.970666667,0
28.992000000,0
29.013333333,0
29.034666667,0.00985001
29.056000000,0.0327415
29.077333333,0
29.098666667,0
29.120000000,0
29.141333333,0
29.162666667,0
29.184000000,0
29.205333333,0
29.226666667,0.0063857
29.248000000,0.000969661
29.269333333,0.0124433
29.290666667,0.0249928
29.312000000,0
29.333333333,0.0144437
29.354666667,0
29.376000000,0
29.397333333,0
29.418666667,0.0945642
29.440000000,0
29.461333333,0
29.482666667,0
29.504000000,0
29.525333333,0
29.546666667,0
29.568000000,0
29.589333333,0
29.610666667,0.0140609
29.632000000,0
29.653333333,0
29.674666667,0.00369059
29.696000000,0
29.717333333,0.00361623
29.738666667,0
29.760000000,0
29.781333333,0.00225897
29.802666667,0.000246573
29.824000000,0
29.845333333,0.00241701
29.866666667,0.000688087
29.888000000,0
29.909333333,0
29.930666667,0.0385267
29.952000000,0
29.973333333,0
29.994666667,0
30.016000000,0
30.037333333,0
30.058666667,0.0043886
30.080000000,0
30.101333333,0
30.122666667,0
30.144000000,0
30.165333333,0.0315235
30.186666667,0
30.208000000,0
30.229333333,0
30.250666667,0
30.272000000,0
30.293333333,0.00748867
30.314666667,0.0223542
30.336000000,0.00259118
30.357333333,0.00307138
30.378666667,0
30.400000000,0
30.421333333,0
30.442666667,0.00322208
30.464000000,0
30.485333333,0
30.506666667,0.0294314
30.528000000,0.00142906
30.549333333,0.067864
30.570666667,0
30.592000000,0
30.613333333,0
30.634666667,0
30.656000000,0.0190442
30.677333333,0
30.698666667,0
30.720000000,0
30.741333333,0.00309405
30.762666667,0.00776982
30.784000000,0.00834459
30.805333333,0
30.826666667,0
30.848000000,0.00276679
30.869333333,0.0218054
30.890666667,0
30.912000000,0
30.933333333,0.0181633
30.954666667,0
30.976000000,0
30.997333333,0
31.018666667,0
31.040000000,0
31.061333333,0.00185633
31.082666667,0
31.104000000,0
31.125333333,0.00785678
31.146666667,0.0132675
31.168000000,0
31.189333333,0.00444722
31.210666667,0.0161064
31.232000000,0
31.253333333,0
31.274666667,0
31.296000000,0
31.317333333,0.0274302
31.338666667,0.0122005
31.360000000,0
31.381333333,0
31.402666667,0
31.424000000,0
31.445333333,0
31.466666667,0.0134556
31.488000000,0
31.509333333,0
31.530666667,0
31.552000000,0
31.573333333,0.0049629
31.594666667,0
31.616000000,0
31.637333333,0
31.658666667,0.0147749
31.680000000,0
31.701333333,0.0310725
31.722666667,0
31.744000000,0
31.765333333,0
31.786666667,0
31.808000000,0.0251127
31.829333333,0.00722803
31.850666667,0
31.872000000,0
31.893333333,0
31.914666667,0.0254956
31.936000000,0
31.957333333,0
31.978666667,0.0026182
32.000000000,0
32.021333333,0
32.042666667,0
32.064000000,0
32.085333333,0.00873182
32.106666667,0.0993417
32.128000000,0
32.149333333,0
32.170666667,0
32.192000000,0
32.213333333,0
32.234666667,0
32.256000000,0
32.277333333,0.00412177
32.298666667,0.0453395
32.320000000,0
32.341333333,0
32.362666667,0.01893
32.384000000,0.00975729
32.405333333,0.056334
32.426666667,0.0798942
32.448000000,0
32.469333333,0
32.490666667,0
32.512000000,0
32.533333333,0
32.554666667,0
32.576000000,0
32.597333333,0
32.618666667,0
32.640000000,0.00863038
32.661333333,0
32.682666667,0.00354252
32.704000000,0
32.725333333,0
32.746666667,0
32.768000000,0
32.789333333,0
32.810666667,0.00204984
32.832000000,0.0207066
32.853333333,0.0139452
32.874666667,0.0047765
32.896000000,0.00142902
32.917333333,0
32.938666667,0
32.960000000,0
32.981333333,0
33.002666667,0
33.024000000,0
33.045333333,0
33.066666667,0
33.088000000,0
33.109333333,0
33.130666667,0
33.152000000,0
33.173333333,0
33.194666667,0
33.216000000,0.000923398
33.237333333,0.0253935
33.258666667,0
33.280000000,0
33.301333333,0
33.322666667,0.00622428
33.344000000,0.0229376
33.365333333,0.012201
33.386666667,0
33.408000000,0
33.429333333,0
33.450666667,0.0178163
33.472000000,0
33.493333333,0
33.514666667,0
33.536000000,0.00299091
33.557333333,0.06163
33.578666667,0.0046041
33.600000000,0
33.621333333,0
33.642666667,0
33.664000000,0.00655396
33.685333333,0
33.706666667,0
33.728000000,0.00286181
33.749333333,0
33.770666667,0
33.792000000,0
33.813333333,0
33.834666667,0
33.856000000,0
33.877333333,0
33.898666667,0
33.920000000,0.00059017
33.941333333,0.0366038
33.962666667,0.03409
33.984000000,0.0428289
34.005333333,0
34.026666667,0
34.048000000,0
34.069333333,0.00888988
34.090666667,0
34.112000000,0
34.133333333,0
34.154666667,0.0193658
34.176000000,0
34.197333333,0
34.218666667,0.00471671
34.240000000,0
34.261333333,0.0168184
34.282666667,0
34.304000000,0
34.325333333,0
34.346666667,0
34.368000000,0
34.389333333,0
34.410666667,0
34.432000000,0.0643718
34.453333333,0.0270511
34.474666667,0
34.496000000,0
34.517333333,0
34.538666667,0
34.560000000,0
34.581333333,0.0374989
34.602666667,0
34.624000000,0
34.645333333,0.0303677
34.666666667,0
34.688000000,0.0166949
34.709333333,0.00183187
34.730666667,0
34.752000000,0
34.773333333,0.0111455
34.794666667,0
34.816000000,0.00669513
34.837333333,0
34.858666667,0
34.880000000,0
34.901333333,0
34.922666667,0
34.944000000,0
34.965333333,0
34.986666667,0.00933957
35.008000000,0
35.029333333,0
35.050666667,0
35.072000000,0.00143319
35.093333333,0.0044202
35.114666667,0.0058526
35.136000000,0
35.157333333,0
35.178666667,0.0629964
35.200000000,0.00398846
35.221333333,0
35.242666667,0.00692785
35.264000000,0
35.285333333,0.00773401
35.306666667,0.000565089
35.328000000,0.00879051
35.349333333,0
35.370666667,0
35.392000000,0
35.413333333,0
35.434666667,0
35.456000000,0
35.477333333,0
35.498666667,0
35.520000000,0
35.541333333,0
35.562666667,0
35.584000000,0
35.605333333,0.0156961
35.626666667,0.00663924
35.648000000,0
35.669333333,0
35.690666667,0
35.712000000,0
35.733333333,0
35.754666667,0
35.776000000,0.0393047
35.797333333,0.0750209
35.818666667,0
35.840000000,0.00303107
35.861333333,0.00998506
35.882666667,0.0548695
35.904000000,0.00861328
35.925333333,0
35.946666667,0
35.968000000,0
35.989333333,0
36.010666667,0.0340686
36.032000000,0.015217
36.053333333,0
36.074666667,0
36.096000000,0.00567177
36.117333333,0
36.138666667,0.00770369
36.160000000,0
36.181333333,0
36.202666667,0
36.224000000,0
36.245333333,0
36.266666667,0
36.288000000,0
36.309333333,0
36.330666667,0
36.352000000,0
36.373333333,0
36.394666667,0.00711009
36.416000000,0
36.437333333,0
36.458666667,0
36.480000000,0.00912738
36.501333333,0
36.522666667,0
36.544000000,0
36.565333333,0
36.586666667,0
36.608000000,0.0193543
36.629333333,0.0291943
36.650666667,0.0102156
36.672000000,0
36.693333333,0.00221883
36.714666667,0
36.736000000,0
36.757333333,0
36.778666667,0.00657198
36.800000000,0.0158853
36.821333333,0
36.842666667,0
36.864000000,0.00226276
36.885333333,0.0151186
36.906666667,0.00969443
36.928000000,0.000901244
36.949333333,0
36.970666667,0.00317532
36.992000000,0.00989961
37.013333333,0.00173206
37.034666667,0
37.056000000,0
37.077333333,0
37.098666667,0
37.120000000,0.000239778
37.141333333,0
37.162666667,0
37.184000000,0
37.205333333,0
37.226666667,0.0002493
37.248000000,0.0286838
37.269333333,0.00368748
37.290666667,0.00524212
37.312000000,0
37.333333333,0
37.354666667,0
37.376000000,0
37.397333333,0
37.418666667,0
37.440000000,0.000191305
37.461333333,0.0157284
37.482666667,0.00259397
37.504000000,0
37.525333333,0.00550045
37.546666667,0
37.568000000,0
37.589333333,0
37.610666667,0
37.632000000,0.00423215
37.653333333,0
37.674666667,0
37.696000000,0
37.717333333,0.0106776
37.738666667,0.000129303
37.760000000,0
37.781333333,0
37.802666667,0
37.824000000,0.00911096
37.845333333,0
37.866666667,0.0289894
37.888000000,0.0610241
37.909333333,0
37.930666667,0
37.952000000,0
37.973333333,0
37.994666667,0
38.016000000,0.000711804
38.037333333,0
38.058666667,0
38.080000000,0
38.101333333,0
38.122666667,0
38.144000000,0.0290429
38.165333333,0.0151226
38.186666667,0
38.208000000,0.00147883
38.229333333,0
38.250666667,0.00288045
38.272000000,0
38.293333333,0
38.314666667,0
38.336000000,0
38.357333333,0
38.378666667,0.00462841
38.400000000,0.0035014
38.421333333,0
38.442666667,0.00349075
38.464000000,0
38.485333333,0
38.506666667,0
38.528000000,0.0135744
38.549333333,0.00608676
38.570666667,0.00157983
38.592000000,0.00958623
38.613333333,0
38.634666667,0
38.656000000,0
38.677333333,0
38.698666667,0
38.720000000,0
38.741333333,0
38.762666667,0.00812894
38.784000000,0.000677982
38.805333333,0
38.826666667,0.0164093
38.848000000,0
38.869333333,0
38.890666667,0
38.912000000,0
38.933333333,0.0193439
38.954666667,0.018864
38.976000000,0.0398799
38.997333333,0
39.018666667,0
39.040000000,0
39.061333333,0
39.082666667,0
39.104000000,0.0100958
39.125333333,0.00418756
39.146666667,0
39.168000000,0.00852983
39.189333333,0.00778265
39.210666667,0
39.232000000,0.000997681
39.253333333,0.0224891
39.274666667,0.0305816
39.296000000,0
39.317333333,0
39.338666667,0
39.360000000,0.0108414
39.381333333,0
39.402666667,0.00557168
39.424000000,0
39.445333333,0
39.466666667,0
39.488000000,0
39.509333333,0
39.530666667,0.00545022
39.552000000,0
39.573333333,0
39.594666667,0
39.616000000,0.0555697
39.637333333,0
39.658666667,0
39.680000000,0
39.701333333,0
39.722666667,0
39.744000000,0
39.765333333,0
39.786666667,0.00315296
39.808000000,0.00881244
39.829333333,0
39.850666667,0
39.872000000,0
39.893333333,0
39.914666667,0.0514705
39.936000000,0.0853153
39.957333333,0.0060369
39.978666667,0
40.000000000,0.00157775
40.021333333,0
40.042666667,0
40.064000000,0
40.085333333,0
40.106666667,0
40.128000000,0
40.149333333,0
40.170666667,0.00190878
40.192000000,0.041621
40.213333333,0
40.234666667,0.0416958
40.256000000,0.0275642
40.277333333,0
40.298666667,0
40.320000000,0
40.341333333,0.00671267
40.362666667,0
40.384000000,0
40.405333333,0
40.426666667,0
40.448000000,0.0658361
40.469333333,0
40.490666667,0
40.512000000,0
40.533333333,0
40.554666667,0
40.576000000,0
40.597333333,0
40.618666667,0
40.640000000,0
40.661333333,0.000562354
40.682666667,0.0247587
40.704000000,0
40.725333333,0.000709659
40.746666667,0
40.768000000,0.00536972
40.789333333,0
40.810666667,0.000663029
40.832000000,0
40.853333333,0
40.874666667,0.00234299
40.896000000,0.00175692
40.917333333,0
40.938666667,0
40.960000000,0.00261471
40.981333333,0
41.002666667,0
41.024000000,0
41.045333333,0.0034988
41.066666667,0.00907857
41.088000000,0.00211978
41.109333333,0
41.130666667,0
41.152000000,0
41.173333333,0
41.194666667,0
41.216000000,0
41.237333333,0.0039022
41.258666667,0
41.280000000,0
41.301333333,0.000169602
41.322666667,0
41.344000000,0.00671705
41.365333333,0.0120498
41.386666667,0.00459021
41.408000000,0
41.429333333,0.00287349
41.450666667,0
41.472000000,0.00143579
41.493333333,0.00806809
41.514666667,0
41.536000000,0
41.557333333,0.0141031
41.578666667,0
41.600000000,0.0239755
41.621333333,0
41.642666667,0.0141707
41.664000000,0
41.685333333,0.00582197
41.706666667,0.00787123
41.728000000,0
41.749333333,0
41.770666667,0
41.792000000,0
41.813333333,0
41.834666667,0
41.856000000,0
41.877333333,0
41.898666667,0
41.920000000,0.0199263
41.941333333,0
41.962666667,0.00563967
41.984000000,0
42.005333333,0.0090299
42.026666667,0
42.048000000,0.000234689
42.069333333,0
42.090666667,0.000722009
42.112000000,0
42.133333333,0
42.154666667,0
42.176000000,0
42.197333333,0
42.218666667,0
42.240000000,0
42.261333333,0
42.282666667,0
42.304000000,0.109501
42.325333333,0.00284811
42.346666667,0
42.368000000,0
42.389333333,0.0180386
42.410666667,0
42.432000000,0
42.453333333,0.00517902
42.474666667,0
42.496000000,0
42.517333333,0
42.538666667,0
42.560000000,0
42.581333333,0.0205288
42.602666667,0.00326874
42.624000000,0
42.645333333,0.0112124
42.666666667,0
42.688000000,0
42.709333333,0
42.730666667,0
42.752000000,0
42.773333333,0
42.794666667,0
42.816000000,0
42.837333333,0
42.858666667,0
42.880000000,0
42.901333333,0.00784704
42.922666667,0.0183007
42.944000000,0
42.965333333,0
42.986666667,0
43.008000000,0
43.029333333,0.0259237
43.050666667,0.000284857
43.072000000,0.0189695
43.093333333,0
43.114666667,0
43.136000000,0
43.157333333,0
43.178666667,0.00796889
43.200000000,0.0928333
43.221333333,0
43.242666667,0
43.264000000,0
43.285333333,0
43.306666667,0
43.328000000,0
43.349333333,0
43.370666667,0
43.392000000,0
43.413333333,0.00020385
43.434666667,0
43.456000000,0
43.477333333,0
43.498666667,0
43.520000000,0
43.541333333,0.0219975
43.562666667,6.24983e-05
43.584000000,0.00193639
43.605333333,0
43.626666667,0.00303856
43.648000000,0
43.669333333,0.00166172
43.690666667,0
43.712000000,0
43.733333333,0
43.754666667,0
43.776000000,0
43.797333333,0.000624811
43.818666667,0.0043748
43.840000000,9.64776e-05
43.861333333,0.00367909
43.882666667,0.0164939
43.904000000,0.0173667
43.925333333,0.0436801
43.946666667,0.0130889
43.968000000,0
43.989333333,0
44.010666667,0
44.032000000,0.00465358
44.053333333,0
44.074666667,0.000931627
44.096000000,0
44.117333333,0
44.138666667,0.0055454
44.160000000,0.00984186
44.181333333,0
44.202666667,0
44.224000000,0
44.245333333,0
44.266666667,0.00927521
44.288000000,0
44.309333333,0.00401209
44.330666667,0
44.352000000,0.00346849
44.373333333,0
44.394666667,0.000335637
44.416000000,0.0156427
44.437333333,0
44.458666667,0
44.480000000,0
44.501333333,0
44.522666667,0
44.544000000,0
44.565333333,0.012139
44.586666667,0
44.608000000,0
44.629333333,0
44.650666667,0
44.672000000,0
44.693333333,0.00297554
44.714666667,0
44.736000000,0
44.757333333,0.00658443
44.778666667,0
44.800000000,0
44.821333333,0
44.842666667,0
44.864000000,0
44.885333333,0.0723393
44.906666667,0
44.928000000,0
44.949333333,0
44.970666667,0
44.992000000,0.0180176
45.013333333,0.00143034
45.034666667,0
45.056000000,0.00143837
45.077333333,0.0965798
45.098666667,0.0106699
45.120000000,0
45.141333333,0
45.162666667,0.00319322
45.184000000,0
45.205333333,0
45.226666667,0
45.248000000,0
45.269333333,0
45.290666667,0
45.312000000,0
45.333333333,0.00628887
45.354666667,0
45.376000000,0
45.397333333,0
45.418666667,0.000426821
45.440000000,0
45.461333333,0
45.482666667,0
45.504000000,0.00101408
45.525333333,0.0268336
45.546666667,0.00588276
45.568000000,0
45.589333333,0.00600307
45.610666667,0
45.632000000,0.000511417
45.653333333,0.0237715
45.674666667,0
45.696000000,0
45.717333333,0
45.738666667,0.00137185
45.760000000,0.0112054
45.781333333,0.0258783
45.802666667,0
45.824000000,0
45.845333333,0
45.866666667,0.00246738
45.888000000,0
45.909333333,0
45.930666667,0
45.952000000,0
45.973333333,0
45.994666667,0.00602792
46.016000000,0
46.037333333,0
46.058666667,0.00178989
46.080000000,0.0100184
46.101333333,3.51295e-05
46.122666667,0
46.144000000,0.00760565
46.165333333,0
46.186666667,0
46.208000000,0
46.229333333,0.0124943
46.250666667,0.0280321
46.272000000,0
46.293333333,0
46.314666667,0
46.336000000,0
46.357333333,0
46.378666667,0
46.400000000,0
46.421333333,0.0533583
46.442666667,0.0480118
46.464000000,0
46.485333333,0
46.506666667,0
46.528000000,0
46.549333333,0.0537212
46.570666667,0.0432435
46.592000000,0
46.613333333,0
46.634666667,0
46.656000000,0
46.677333333,0
46.698666667,0
46.720000000,0
46.741333333,0
46.762666667,0
46.784000000,0.015428
46.805333333,0.0119579
46.826666667,0.00136124
46.848000000,0.00437913
46.869333333,0.00963829
46.890666667,0
46.912000000,0
46.933333333,0
46.954666667,0
46.976000000,0
46.997333333,0
47.018666667,0
47.040000000,0
47.061333333,0
47.082666667,0
47.104000000,0
47.125333333,0
47.146666667,0
47.168000000,0.00890041
47.189333333,0.111711
47.210666667,0
47.232000000,0
47.253333333,0
47.274666667,0
47.296000000,0
47.317333333,0.00404774
47.338666667,0.00604553
47.360000000,0
47.381333333,0
47.402666667,0
47.424000000,0
47.445333333,0
47.466666667,0
47.488000000,0.00824883
47.509333333,0.0637223
47.530666667,0.0675458
47.552000000,0
47.573333333,0
47.594666667,0
47.616000000,0
47.637333333,0
47.658666667,0
47.680000000,0.0100695
47.701333333,0.000961892
47.722666667,0
47.744000000,0
47.765333333,0.0038223
47.786666667,0
47.808000000,0
47.829333333,0
47.850666667,0.0145656
47.872000000,0.0035824
47.893333333,0
47.914666667,0
47.936000000,0
47.957333333,0
47.978666667,0
48.000000000,0.0258857
48.021333333,0.0140283
48.042666667,0.00283081
48.064000000,0
48.085333333,0.0228074
48.106666667,0
48.128000000,0.0196731
48.149333333,0
48.170666667,0
48.192000000,0
48.213333333,0.011173
48.234666667,0.0010172
48.256000000,0
48.277333333,0
48.298666667,0
48.320000000,0.000948677
48.341333333,0
48.362666667,0.0102103
48.384000000,0
48.405333333,0
48.426666667,0
48.448000000,0
48.469333333,0
48.490666667,0
48.512000000,0.0748297
48.533333333,0.0191001
48.554666667,0.00664127
48.576000000,0
48.597333333,0
48.618666667,0
48.640000000,0
48.661333333,0
48.682666667,0
48.704000000,0.01229
48.725333333,0.0383216
48.746666667,0
48.768000000,0
48.789333333,0.00407711
48.810666667,0.103123
48.832000000,0.0325406
48.853333333,0
48.874666667,0
48.896000000,0
48.917333333,0
48.938666667,0.0112636
48.960000000,0.0461319
48.981333333,0
49.002666667,0
49.024000000,0.0267693
49.045333333,0
49.066666667,0
49.088000000,0
49.109333333,0
49.130666667,0
49.152000000,0
49.173333333,0
49.194666667,0
49.216000000,0.0702889
49.237333333,0.100704
49.258666667,0
49.280000000,0
49.301333333,0
49.322666667,0
49.344000000,0
49.365333333,0
49.386666667,0
49.408000000,0
49.429333333,0
49.450666667,0.0180883
49.472000000,0
49.493333333,0
49.514666667,0
49.536000000,0
49.557333333,0
49.578666667,0
49.600000000,0
49.621333333,0
49.642666667,0
49.664000000,0.0163763
49.685333333,0
49.706666667,0.0027911
49.728000000,0
49.749333333,0
49.770666667,0
49.792000000,0
49.813333333,0
49.834666667,0
49.856000000,0.00819858
49.877333333,0
49.898666667,0
49.920000000,0.00838286
49.941333333,0
49.962666667,0
49.984000000,0
50.005333333,7.80635e-06
50.026666667,0.00480434
50.048000000,0.00506233
50.069333333,0.00476382
50.090666667,0.009557
50.112000000,0.00238206
50.133333333,0
50.154666667,0
50.176000000,0.00659516
50.197333333,0.00118249
50.218666667,0.0116795
50.240000000,0.0215015
50.261333333,0.00250756
50.282666667,0
50.304000000,0
50.325333333,0
50.346666667,0
50.368000000,0
50.389333333,0.014957
50.410666667,0.0247659
50.432000000,0
50.453333333,0
50.474666667,0
50.496000000,0
50.517333333,0
50.538666667,0
50.560000000,0
50.581333333,0
50.602666667,0.00362664
50.624000000,0.0123704
50.645333333,0.00419252
50.666666667,0
50.688000000,0
50.709333333,0
50.730666667,0.0136511
50.752000000,0
50.773333333,0.000131623
50.794666667,0.00542382
50.816000000,0
50.837333333,0
50.858666667,0.00361525
50.880000000,0
50.901333333,0
50.922666667,0
50.944000000,0.0010568
50.965333333,0.00720585
50.986666667,0
51.008000000,0
51.029333333,0
51.050666667,0
51.072000000,0
51.093333333,0
51.114666667,0
51.136000000,0.0477263
51.157333333,0
51.178666667,0.0169288
51.200000000,0
51.221333333,0.00905541
51.242666667,0.0135852
51.264000000,0
51.285333333,0
51.306666667,0
51.328000000,0
51.349333333,0.00751974
51.370666667,0.030384
51.392000000,0.00384903
51.413333333,0
51.434666667,0
51.456000000,0.00827102
51.477333333,0
51.498666667,0.00126762
51.520000000,0
51.541333333,0
51.562666667,0
51.584000000,0.00274892
51.605333333,0.00310834
51.626666667,0.000578968
51.648000000,0
51.669333333,0
51.690666667,0
51.712000000,0
51.733333333,0
51.754666667,0
51.776000000,0.00335972
51.797333333,0.034914
51.818666667,0.00628461
51.840000000,0
51.861333333,0.00650114
51.882666667,0
51.904000000,0
51.925333333,0
51.946666667,0
51.968000000,0.0257594
51.989333333,0.0428873
52.010666667,0
52.032000000,0
52.053333333,0
52.074666667,0
52.096000000,0.00118249
52.117333333,0
52.138666667,0
52.160000000,0.0588337
52.181333333,0.0519284
52.202666667,0
52.224000000,0
52.245333333,0
52.266666667,0
52.288000000,0
52.309333333,0
52.330666667,0
52.352000000,0
52.373333333,0.000987582
52.394666667,0.00998171
52.416000000,0
52.437333333,0
52.458666667,9.178e-05
52.480000000,0
52.501333333,0.00803469
52.522666667,0
52.544000000,0
52.565333333,0.0304379
52.586666667,0.00923305
52.608000000,0
52.629333333,0
52.650666667,0.0253407
52.672000000,0.0310091
52.693333333,0
52.714666667,0
52.736000000,0.0104376
52.757333333,0
52.778666667,0
52.800000000,0.0469035
52.821333333,0
52.842666667,0
52.864000000,0
52.885333333,0
52.906666667,0
52.928000000,0.0095207
52.949333333,0
52.970666667,0
52.992000000,0
53.013333333,0
53.034666667,0.0214698
53.056000000,0
53.077333333,0.0405613
53.098666667,0.00124509
53.120000000,0
53.141333333,0
53.162666667,0.00054881
53.184000000,0
53.205333333,0
53.226666667,0
53.248000000,0
53.269333333,0.00715244
53.290666667,0
53.312000000,0
53.333333333,0
53.354666667,0.000928413
53.376000000,0
53.397333333,0.00148943
53.418666667,0
53.440000000,0
53.461333333,0
53.482666667,0
53.504000000,0
53.525333333,0
53.546666667,0.030282
53.568000000,0
53.589333333,0
53.610666667,0
53.632000000,0.00364668
53.653333333,0.00882076
53.674666667,0.0169612
53.696000000,0.110364
53.717333333,0.117952
53.738666667,0
53.760000000,0
53.781333333,0
53.802666667,0
53.824000000,0
53.845333333,0.00422932
53.866666667,0
53.888000000,0
53.909333333,0
53.930666667,0
53.952000000,0.00162634
53.973333333,0
53.994666667,0
54.016000000,0
54.037333333,0
54.058666667,0
54.080000000,1.73505e-05
54.101333333,0
54.122666667,0
54.144000000,0
54.165333333,0
54.186666667,0
54.208000000,0
54.229333333,0.0139327
54.250666667,0
54.272000000,0
54.293333333,0.00484367
54.314666667,0
54.336000000,0
54.357333333,0
54.378666667,0
54.400000000,0
54.421333333,0
54.442666667,0
54.464000000,0
54.485333333,0
54.506666667,0.0023237
54.528000000,0.100677
54.549333333,0.000463337
54.570666667,0
54.592000000,0
54.613333333,0.00562547
54.634666667,0
54.656000000,0
54.677333333,0
54.698666667,0.0216136
54.720000000,0
54.741333333,0
54.762666667,0.000500133
54.784000000,0
54.805333333,0
54.826666667,0
54.848000000,0
54.869333333,0
54.890666667,0
54.912000000,0
54.933333333,0
54.954666667,0
54.976000000,0
54.997333333,0.012857
55.018666667,0.0558785
55.040000000,0.0745479
55.061333333,0
55.082666667,0.00253587
55.104000000,0
55.125333333,0
55.146666667,0
55.168000000,0.00316221
55.189333333,0
55.210666667,0
55.232000000,0
55.253333333,0.00217885
55.274666667,0
55.296000000,0
55.317333333,0
55.338666667,0
55.360000000,0
55.381333333,0.00427506
55.402666667,0
55.424000000,0
55.445333333,0
55.466666667,0.0569538
55.488000000,0.0690152
55.509333333,0.00610676
55.530666667,0
55.552000000,0
55.573333333,0
55.594666667,0
55.616000000,0
55.637333333,0
55.658666667,0
55.680000000,0.00238328
55.701333333,0
55.722666667,0.00345202
55.744000000,0.0111749
55.765333333,0
55.786666667,0.0128958
55.808000000,0
55.829333333,0
55.850666667,0.00556308
55.872000000,0
55.893333333,0.00392767
55.914666667,0.0119462
55.936000000,0
55.957333333,0
55.978666667,0
56.000000000,0
56.021333333,0
56.042666667,0
56.064000000,0.0656041
56.085333333,0
56.106666667,0
56.128000000,0
56.149333333,0
56.170666667,0
56.192000000,0
56.213333333,0
56.234666667,0
56.256000000,0
56.277333333,0
56.298666667,0.0122457
56.320000000,0.00539808
56.341333333,0.00776969
56.362666667,0
56.384000000,0
56.405333333,0
56.426666667,0.0102422
56.448000000,0
56.469333333,0
56.490666667,0
56.512000000,0
56.533333333,0.00900891
56.554666667,0.00248309
56.576000000,0.0162501
56.597333333,0.0548355
56.618666667,0
56.640000000,0
56.661333333,0
56.682666667,0
56.704000000,0.000569075
56.725333333,0
56.746666667,0
56.768000000,0.00398537
56.789333333,0
56.810666667,0
56.832000000,0.00156984
56.853333333,0.000853492
56.874666667,0.0133025
56.896000000,0
56.917333333,0.000156054
56.938666667,0
56.960000000,0.0166588
56.981333333,0
57.002666667,0
57.024000000,0
57.045333333,0
57.066666667,0
57.088000000,0
57.109333333,0.00451798
57.130666667,0
57.152000000,0.000189157
57.173333333,0.0129918
57.194666667,0
57.216000000,0.00880403
57.237333333,0
57.258666667,0
57.280000000,0.0549993
57.301333333,0.00390968
57.322666667,0
57.344000000,0
57.365333333,0
57.386666667,0
57.408000000,0
57.429333333,0
57.450666667,0
57.472000000,0.0397529
57.493333333,0
57.514666667,0.00617343
57.536000000,0
57.557333333,0.0653026
57.578666667,0
57.600000000,0.0149487
57.621333333,0
57.642666667,0.0238374
57.664000000,0
57.685333333,0
57.706666667,0.00077788
57.728000000,0.00260925
57.749333333,0
57.770666667,0
57.792000000,0
57.813333333,0
57.834666667,0
57.856000000,0.00131319
57.877333333,0.0744869
57.898666667,0
57.920000000,0
57.941333333,0
57.962666667,0
57.984000000,0
58.005333333,0.0567307
58.026666667,0.0429446
58.048000000,0
58.069333333,0
58.090666667,0.0112371
58.112000000,0.0938356
58.133333333,0.00154701
58.154666667,0
58.176000000,0
58.197333333,0
58.218666667,0
58.240000000,0
58.261333333,0
58.282666667,0
58.304000000,0
58.325333333,0
58.346666667,0.0150882
58.368000000,0
58.389333333,0
58.410666667,0
58.432000000,0
58.453333333,0
58.474666667,0
58.496000000,0.00450695
58.517333333,0
58.538666667,0
58.560000000,0
58.581333333,0
58.602666667,0
58.624000000,0
58.645333333,0.00902027
58.666666667,0
58.688000000,0.0100882
58.709333333,0
58.730666667,0
58.752000000,0
58.773333333,0
58.794666667,0
58.816000000,0
58.837333333,0
58.858666667,0.000913532
58.880000000,0
58.901333333,0
58.922666667,0.0041752
58.944000000,0
58.965333333,0
58.986666667,0.0973671
59.008000000,0
59.029333333,0
59.050666667,0
59.072000000,0
59.093333333,0
59.114666667,0
59.136000000,0
59.157333333,0
59.178666667,0.0087092
59.200000000,0
59.221333333,0
59.242666667,0
59.264000000,0.00103164
59.285333333,0.0541827
59.306666667,0
59.328000000,0.0379478
59.349333333,0.0128199
59.370666667,0
59.392000000,0
59.413333333,0
59.434666667,0
59.456000000,0
59.477333333,0
59.498666667,0.00186835
59.520000000,0
59.541333333,0
59.562666667,0.0105956
59.584000000,0.0219676
59.605333333,0
59.626666667,0
59.648000000,0.00736117
59.669333333,0
59.690666667,0
59.712000000,0
59.733333333,0.00161191
59.754666667,0
59.776000000,0
59.797333333,0.00930012
59.818666667,0
59.840000000,0
59.861333333,0
59.882666667,0
59.904000000,0.000119406
59.925333333,0
59.946666667,0
59.968000000,0
59.989333333,0.00318383
60.010666667,0.0179397
60.032000000,0.00915349
60.053333333,0
60.074666667,0.00530583
60.096000000,0
60.117333333,0.0046463
60.138666667,0
60.160000000,0
60.181333333,0.00675285
60.202666667,0
60.224000000,0
60.245333333,0
60.266666667,0
60.288000000,0
60.309333333,0.0002408
60.330666667,0
60.352000000,0.00760639
60.373333333,0
60.394666667,0
60.416000000,0
60.437333333,0
60.458666667,0
60.480000000,0.0363687
60.501333333,0
60.522666667,0.00124911
60.544000000,0
60.565333333,0
60.586666667,0.00373935
60.608000000,0
60.629333333,0.00778995
60.650666667,0
60.672000000,0
60.693333333,0
60.714666667,0
60.736000000,0.00780852
60.757333333,0
60.778666667,0.000189229
60.800000000,0.0114015
60.821333333,0.000724088
60.842666667,0.0189696
60.864000000,0
60.885333333,0.00431248
60.906666667,0.00370505
60.928000000,0
60.949333333,0
60.970666667,0.00490617
60.992000000,0
61.013333333,0
61.034666667,0
61.056000000,0
61.077333333,0
61.098666667,0
61.120000000,0
61.141333333,0
61.162666667,0
61.184000000,0
61.205333333,0.000468309
61.226666667,0
61.248000000,0
61.269333333,0.00391242
61.290666667,0
61.312000000,0
61.333333333,0
61.354666667,0
61.376000000,0
61.397333333,0
61.418666667,0.0251385
61.440000000,0.0140132
61.461333333,0.0292567
61.482666667,0.103254
61.504000000,0
61.525333333,0
61.546666667,0
61.568000000,0
61.589333333,0
61.610666667,0
61.632000000,0
61.653333333,0
61.674666667,0.0411262
61.696000000,0
61.717333333,0.0160687
61.738666667,0
61.760000000,0
61.781333333,0
61.802666667,0.00859228
61.824000000,0.0224112
61.845333333,0
61.866666667,0
61.888000000,0
61.909333333,0
61.930666667,0
61.952000000,0
61.973333333,0
61.994666667,0
62.016000000,0
62.037333333,0.000885684
62.058666667,0
62.080000000,0
62.101333333,0.0108365
62.122666667,0.0108156
62.144000000,0
62.165333333,0
62.186666667,0
62.208000000,0.00335772
62.229333333,0
62.250666667,0
62.272000000,0.00414794
62.293333333,0
62.314666667,0
62.336000000,0
62.357333333,0
62.378666667,0.0492395
62.400000000,0
62.421333333,0
62.442666667,0
62.464000000,0
62.485333333,0.0159734
62.506666667,0.0145366
62.528000000,0.00214386
62.549333333,0
62.570666667,0
62.592000000,0
62.613333333,0
62.634666667,0
62.656000000,0.00310683
62.677333333,0
62.698666667,0.06794
62.720000000,0
62.741333333,0
62.762666667,0.00117331
62.784000000,0
62.805333333,0
62.826666667,0.00367681
62.848000000,0
62.869333333,0
62.890666667,0
62.912000000,0
62.933333333,0.0110943
62.954666667,0.0197007
62.976000000,0
62.997333333,0
63.018666667,0.00242911
63.040000000,0.0674039
63.061333333,0
63.082666667,0
63.104000000,0
63.125333333,0.00100907
63.146666667,0
63.168000000,0.00400207
63.189333333,0
63.210666667,0.00440713
63.232000000,0
63.253333333,0
63.274666667,0
63.296000000,0.00122925
63.317333333,0.00398707
63.338666667,0.00399689
63.360000000,0
63.381333333,0
63.402666667,0
63.424000000,0
63.445333333,0.00345831
63.466666667,0
63.488000000,0
63.509333333,0.00632169
63.530666667,0
63.552000000,0.000433115
63.573333333,0
63.594666667,0
63.616000000,0
63.637333333,0
63.658666667,0.0104759
63.680000000,0.00189287
63.701333333,0
63.722666667,0.0100319
63.744000000,0
63.765333333,0.00724587
63.786666667,0.000793632
63.808000000,0.0164593
63.829333333,0
63.850666667,0
63.872000000,0.00150151
63.893333333,0
63.914666667,0
63.936000000,0
63.957333333,0
63.978666667,0.00697878
64.000000000,0.00984142
64.021333333,0
64.042666667,0
64.064000000,0
64.085333333,0
64.106666667,0
64.128000000,0
64.149333333,0.00357968
64.170666667,0.00792775
64.192000000,0.0737749
64.213333333,0
64.234666667,0
64.256000000,0
64.277333333,0
64.298666667,0
64.320000000,0.0171659
64.341333333,0.00677719
64.362666667,0.0166447
64.384000000,0.0243329
64.405333333,0.00783944
64.426666667,0
64.448000000,0
64.469333333,0
64.490666667,0
64.512000000,0
64.533333333,0
64.554666667,0
64.576000000,0
64.597333333,0
64.618666667,0.00113258
64.640000000,0.0018473
64.661333333,0
64.682666667,0.00718675
64.704000000,0.00404674
64.725333333,0
64.746666667,0
64.768000000,0
64.789333333,0
64.810666667,0.00753888
64.832000000,0
64.853333333,0
64.874666667,0
64.896000000,0
64.917333333,0
64.938666667,0
64.960000000,0
64.981333333,0
65.002666667,0.010036
65.024000000,0.0151621
65.045333333,0
65.066666667,0
65.088000000,0
65.109333333,0
65.130666667,0.00592874
65.152000000,0.0157141
65.173333333,0.0663414
65.194666667,0.00110032
65.216000000,0
65.237333333,0
65.258666667,0
65.280000000,0
65.301333333,0
65.322666667,0
65.344000000,0
65.365333333,0
65.386666667,0
65.408000000,0
65.429333333,0.022259
65.450666667,0
65.472000000,0
65.493333333,0.00522367
65.514666667,0
65.536000000,0.00102406
65.557333333,0
65.578666667,0.0138111
65.600000000,0.112344
65.621333333,0
65.642666667,0
65.664000000,0
65.685333333,0.00245674
65.706666667,0.00951214
65.728000000,0
65.749333333,0
65.770666667,0
65.792000000,0
65.813333333,0
65.834666667,0.0192137
65.856000000,0
65.877333333,0.019791
65.898666667,0
65.920000000,0
65.941333333,0
65.962666667,0
65.984000000,0
66.005333333,0
66.026666667,0
66.048000000,0
66.069333333,0.00658158
66.090666667,0.00668464
66.112000000,0
66.133333333,0.0363347
66.154666667,0
66.176000000,0
66.197333333,0.0239445
66.218666667,0.0871728
66.240000000,0
66.261333333,0
66.282666667,0
66.304000000,0.00810395
66.325333333,0
66.346666667,0
66.368000000,0
66.389333333,0
66.410666667,0
66.432000000,0
66.453333333,0
66.474666667,0.00750297
66.496000000,0
66.517333333,0.0595903
66.538666667,0
66.560000000,0
66.581333333,0.00947523
66.602666667,0
66.624000000,0
66.645333333,0
66.666666667,0
66.688000000,0
66.709333333,0.0470814
66.730666667,0
66.752000000,0
66.773333333,0
66.794666667,0
66.816000000,0
66.837333333,0
66.858666667,0
66.880000000,0
66.901333333,0.00669667
66.922666667,0
66.944000000,0.0312548
66.965333333,0
66.986666667,0.0498006
67.008000000,0.0766476
67.029333333,0.0182591
67.050666667,0
67.072000000,0
67.093333333,0
67.114666667,0
67.136000000,0
67.157333333,0
67.178666667,0
67.200000000,0
67.221333333,0
67.242666667,0
67.264000000,0
67.285333333,0
67.306666667,0.0135937
67.328000000,0
67.349333333,0.0920769
67.370666667,0
67.392000000,0
67.413333333,0
67.434666667,0
67.456000000,0
67.477333333,0
67.498666667,0
67.520000000,0
67.541333333,0.0758885
67.562666667,0.00125678
67.584000000,0
67.605333333,0
67.626666667,0
67.648000000,0
67.669333333,0
67.690666667,0.0602652
67.712000000,0
67.733333333,0.000665002
67.754666667,0
67.776000000,0.00112419
67.797333333,0
67.818666667,0
67.840000000,0.0131259
67.861333333,0.0115115
67.882666667,0
67.904000000,0
67.925333333,0.00528974
67.946666667,0.0160218
67.968000000,0
67.989333333,0.00938633
68.010666667,0.0119904
68.032000000,0
68.053333333,0
68.074666667,0
68.096000000,0
68.117333333,0
68.138666667,0
68.160000000,0
68.181333333,0
68.202666667,0
68.224000000,0
68.245333333,0.0101422
68.266666667,0.0055978
68.288000000,0
68.309333333,0.00569364
68.330666667,0.018074
68.352000000,0
68.373333333,0
68.394666667,0
68.416000000,0
68.437333333,0.0558611
68.458666667,0.00237275
68.480000000,0
68.501333333,0
68.522666667,0.0596411
68.544000000,0.0254036
68.565333333,0.0337133
68.586666667,0.0147994
68.608000000,0
68.629333333,0
68.650666667,0
68.672000000,0
68.693333333,0
68.714666667,0
68.736000000,0
68.757333333,0
68.778666667,0.0710225
68.800000000,0
68.821333333,0
68.842666667,0.00110261
68.864000000,0
68.885333333,0.00645255
68.906666667,0
68.928000000,0
68.949333333,0
68.970666667,0
68.992000000,0
69.013333333,0
69.034666667,0
69.056000000,0
69.077333333,0
69.098666667,0
69.120000000,0
69.141333333,0
69.162666667,0
69.184000000,0.0320169
69.205333333,0
69.226666667,0.0109497
69.248000000,0.0037314
69.269333333,0
69.290666667,0
69.312000000,0
69.333333333,0.00115312
69.354666667,0.000522885
69.376000000,0
69.397333333,0
69.418666667,0.000412145
69.440000000,0
69.461333333,0.00323927
69.482666667,0.0122556
69.504000000,0.0120778
69.525333333,0.0228152
69.546666667,0
69.568000000,0
69.589333333,0
69.610666667,0
69.632000000,0
69.653333333,0.00859251
69.674666667,0
69.696000000,0
69.717333333,0
69.738666667,0.0319171
69.760000000,0.0150539
69.781333333,0
69.802666667,0
69.824000000,0.00344831
69.845333333,0
69.866666667,0.0133677
69.888000000,0.00661003
69.909333333,0.0100669
69.930666667,0.00163544
69.952000000,0
69.973333333,0
69.994666667,0
70.016000000,0
70.037333333,0.0067011
70.058666667,0.00183158
70.080000000,0.00902
70.101333333,0
70.122666667,0
70.144000000,0
70.165333333,0.0522185
70.186666667,0.0907928
70.208000000,0
70.229333333,0
70.250666667,0.0162384
70.272000000,0
70.293333333,0
70.314666667,0
70.336000000,0
70.357333333,0
70.378666667,0
70.400000000,0.013157
70.421333333,0
70.442666667,0
70.464000000,0
70.485333333,0.0185132
70.506666667,0
70.528000000,0.0212758
70.549333333,0
70.570666667,0.0558291
70.592000000,0
70.613333333,0
70.634666667,0
70.656000000,0.000117809
70.677333333,0
70.698666667,0
70.720000000,0
70.741333333,0
70.762666667,0
70.784000000,0
70.805333333,0
70.826666667,0
70.848000000,0
70.869333333,0.0905957
70.890666667,0
70.912000000,0
70.933333333,0
70.954666667,0
70.976000000,0
70.997333333,0
71.018666667,0
71.040000000,0
71.061333333,0.00500003
71.082666667,0.0260631
71.104000000,0.0413462
71.125333333,0
71.146666667,0
71.168000000,0
71.189333333,0.0088289
71.210666667,0
71.232000000,0.00845449
71.253333333,0.000662865
71.274666667,0
71.296000000,0
71.317333333,0
71.338666667,0.00706251
71.360000000,0.00640362
71.381333333,0.00665831
71.402666667,0.000182882
71.424000000,0.0297991
71.445333333,0.00469159
71.466666667,0
71.488000000,0.00269947
71.509333333,0
71.530666667,0.0138986
71.552000000,0.00992386
71.573333333,0.00977175
71.594666667,0.0149383
71.616000000,0.00660408
71.637333333,0
71.658666667,0
71.680000000,0
71.701333333,7.51354e-05
71.722666667,0
71.744000000,0
71.765333333,0
71.786666667,0
71.808000000,0
71.829333333,0
71.850666667,0.00697852
71.872000000,0
71.893333333,0.0118349
71.914666667,0
71.936000000,0
71.957333333,0
71.978666667,0
72.000000000,0
72.021333333,0.00331478
72.042666667,0
72.064000000,0
72.085333333,0
72.106666667,0.00146352
72.128000000,0
72.149333333,0
72.170666667,0
72.192000000,0
72.213333333,0.00166088
72.234666667,0
72.256000000,0
72.277333333,0
72.298666667,0.00786085
72.320000000,0
72.341333333,0
72.362666667,0
72.384000000,0.000427344
72.405333333,0.010431
72.426666667,0.00819532
72.448000000,0.009535
72.469333333,0.000759489
72.490666667,0.0156428
72.512000000,0.0269224
72.533333333,0
72.554666667,0.00174807
72.576000000,0.00275208
72.597333333,0.0221746
72.618666667,0.0034906
72.640000000,5.8122e-05
72.661333333,0.00415895
72.682666667,0
72.704000000,0.0110391
72.725333333,0
72.746666667,0
72.768000000,0
72.789333333,0
72.810666667,0
72.832000000,0.00162706
72.853333333,0
72.874666667,0
72.896000000,0
72.917333333,0
72.938666667,0
72.960000000,0
72.981333333,0
73.002666667,0
73.024000000,0.00246957
73.045333333,0
73.066666667,0.000986463
73.088000000,0
73.109333333,0
73.130666667,0.00740936
73.152000000,0.0109525
73.173333333,0.00234136
73.194666667,0.00529558
73.216000000,0
73.237333333,0
73.258666667,0
73.280000000,0.0022105
73.301333333,0
73.322666667,0.00919999
73.344000000,0
73.365333333,0.00238051
73.386666667,0
73.408000000,0.000870646
73.429333333,0
73.450666667,0
73.472000000,0.00487214
73.493333333,0
73.514666667,0.00154349
73.536000000,0
73.557333333,0.000214022
73.578666667,0.000130336
73.600000000,0
73.621333333,0
73.642666667,0
73.664000000,0
73.685333333,0.00181503
73.706666667,0.00127302
73.728000000,0
73.749333333,0
73.770666667,0
73.792000000,0
73.813333333,0
73.834666667,0
73.856000000,0
73.877333333,0
73.898666667,0
73.920000000,0
73.941333333,0
73.962666667,0
73.984000000,0
74.005333333,0
74.026666667,0
74.048000000,0
74.069333333,0
74.090666667,0
74.112000000,0
74.133333333,0
74.154666667,0
74.176000000,0
74.197333333,0
74.218666667,0
74.240000000,0
74.261333333,0
74.282666667,0.848621
74.304000000,3.49499
74.325333333,1.04986
74.346666667,0
74.368000000,0
74.389333333,0
74.410666667,0
74.432000000,0
74.453333333,0
74.474666667,0
74.496000000,0
74.517333333,0
74.538666667,0
74.560000000,0
74.581333333,0
74.602666667,0
74.624000000,0
74.645333333,0
74.666666667,0
74.688000000,0
74.709333333,0
74.730666667,0
74.752000000,0
74.773333333,0
74.794666667,0
74.816000000,0
74.837333333,0
74.858666667,0
74.880000000,0
74.901333333,0
74.922666667,0
74.944000000,0
74.965333333,0
74.986666667,0
75.008000000,0
75.029333333,0
75.050666667,0
75.072000000,0
75.093333333,0
75.114666667,0
75.136000000,0
75.157333333,0
75.178666667,0
75.200000000,0
75.221333333,0
75.242666667,0
75.264000000,0
75.285333333,0
75.306666667,0
75.328000000,0
75.349333333,0.101191
75.370666667,0.482788
75.392000000,0
75.413333333,0.394202
75.434666667,1.20204
75.456000000,0
75.477333333,0
75.498666667,0
75.520000000,0
75.541333333,0
75.562666667,0
75.584000000,0
75.605333333,0
75.626666667,0
75.648000000,0
75.669333333,0
75.690666667,0
75.712000000,0
75.733333333,0
75.754666667,0
75.776000000,0
75.797333333,0
75.818666667,0
75.840000000,0
75.861333333,0
75.882666667,0
75.904000000,0
75.925333333,0
75.946666667,0
75.968000000,0
75.989333333,0.000709115
76.010666667,0
76.032000000,0.00436535
76.053333333,0.00417831
76.074666667,0
76.096000000,0.00388086
76.117333333,0
76.138666667,0.0113862
76.160000000,0.00259001
76.181333333,0
76.202666667,0
76.224000000,0
76.245333333,0
76.266666667,0
76.288000000,0.00816676
76.309333333,0.010281
76.330666667,0.0112329
76.352000000,0
76.373333333,0.00536343
76.394666667,0.00541916
76.416000000,0
76.437333333,0
76.458666667,0
76.480000000,0.00065221
76.501333333,0
76.522666667,0
76.544000000,0
76.565333333,0
76.586666667,0
76.608000000,0
76.629333333,0
76.650666667,0
76.672000000,0
76.693333333,0.00369201
76.714666667,0
76.736000000,0
76.757333333,0.000597415
76.778666667,0.0218097
76.800000000,0
76.821333333,0
76.842666667,0.000884999
76.864000000,0.0167268
76.885333333,0.000687143
76.906666667,0.0197831
76.928000000,0.0049964
76.949333333,0
76.970666667,0
76.992000000,0
77.013333333,0
77.034666667,0
77.056000000,0.00134888
77.077333333,0.0041863
77.098666667,0
77.120000000,0
77.141333333,0
77.162666667,0.000135454
77.184000000,0
77.205333333,0.000601885
77.226666667,0.00856006
77.248000000,0
77.269333333,0
77.290666667,0.00141961
77.312000000,0
77.333333333,0.000277342
77.354666667,0
77.376000000,0
77.397333333,0
77.418666667,0.00829475
77.440000000,0
77.461333333,0.000465305
77.482666667,0
77.504000000,0
77.525333333,0.00370948
77.546666667,0.00120911
77.568000000,0.00190684
77.589333333,0
77.610666667,0
77.632000000,0
77.653333333,0
77.674666667,0
77.696000000,0
77.717333333,0.00716356
77.738666667,0
77.760000000,0.00042664
77.781333333,0.00595272
77.802666667,0
77.824000000,0.00219248
77.845333333,0.0112263
77.866666667,0.00194666
77.888000000,0
77.909333333,0
77.930666667,0.00709083
77.952000000,0
77.973333333,0.00465721
77.994666667,0.00418126
78.016000000,0
78.037333333,0.00137194
78.058666667,0
78.080000000,0.000782223
78.101333333,0.00654639
78.122666667,0.00845391
78.144000000,0
78.165333333,0
78.186666667,0
78.208000000,0
78.229333333,0
78.250666667,0
78.272000000,0
78.293333333,0.0327104
78.314666667,0.017353
78.336000000,0
78.357333333,0
78.378666667,0
78.400000000,0
78.421333333,0
78.442666667,0
78.464000000,0
78.485333333,0
78.506666667,0
78.528000000,0
78.549333333,0
78.570666667,0
78.592000000,0.0180122
78.613333333,0.0471568
78.634666667,0.00585798
78.656000000,0
78.677333333,0
78.698666667,6.93128e-05
78.720000000,0
78.741333333,0
78.762666667,0
78.784000000,0.000974262
78.805333333,0.000229807
78.826666667,0
78.848000000,0
78.869333333,0
78.890666667,0
78.912000000,0.00245595
78.933333333,0.000841782
78.954666667,0.000582315
78.976000000,0
78.997333333,0
79.018666667,0.00135945
79.040000000,0
79.061333333,0
79.082666667,0
79.104000000,0.00118493
79.125333333,0
79.146666667,0
79.168000000,0
79.189333333,0
79.210666667,0
79.232000000,0
79.253333333,0
79.274666667,0.017086
79.296000000,0
79.317333333,0
79.338666667,0
79.360000000,0
79.381333333,0
79.402666667,0
79.424000000,0
79.445333333,0
79.466666667,0
79.488000000,0
79.509333333,0
79.530666667,0
79.552000000,0
79.573333333,0
79.594666667,0
79.616000000,0
79.637333333,0
79.658666667,0
79.680000000,0
79.701333333,0
79.722666667,0
79.744000000,0
79.765333333,0
79.786666667,0
79.808000000,0
79.829333333,0.0554118
79.850666667,3.28604
79.872000000,3.65716
79.893333333,0
79.914666667,0
79.936000000,0
79.957333333,0
79.978666667,0
80.000000000,0
80.021333333,0
80.042666667,0
80.064000000,0
80.085333333,0
80.106666667,0
80.128000000,0
80.149333333,0
80.170666667,0
80.192000000,0
80.213333333,0
80.234666667,0
80.256000000,0
80.277333333,0
80.298666667,0
80.320000000,0
80.341333333,0
80.362666667,0
80.384000000,0
80.405333333,0
80.426666667,0
80.448000000,0
80.469333333,0
80.490666667,0
80.512000000,0
80.533333333,0
80.554666667,0.00374281
80.576000000,0
80.597333333,0
80.618666667,0.00178155
80.640000000,0
80.661333333,0.0109336
80.682666667,0
80.704000000,0.00516371
80.725333333,0.00782727
80.746666667,0.00447861
80.768000000,0
80.789333333,0
80.810666667,0
80.832000000,0
80.853333333,0
80.874666667,0.00296304
80.896000000,0.00671689
80.917333333,0.0100224
80.938666667,0
80.960000000,0
80.981333333,0
81.002666667,0
81.024000000,0
81.045333333,0.00171716
81.066666667,0.00294128
81.088000000,0
81.109333333,0.00769908
81.130666667,0.00922309
81.152000000,0.0276513
81.173333333,0
81.194666667,0
81.216000000,0
81.237333333,0
81.258666667,0.0134026
81.280000000,0.0220023
81.301333333,0
81.322666667,0
81.344000000,0.00368326
81.365333333,0
81.386666667,0
81.408000000,0.00526291
81.429333333,0.00959289
81.450666667,0.0214727
81.472000000,0
81.493333333,0
81.514666667,0.00051514
81.536000000,0.000828538
81.557333333,0
81.578666667,0.00242837
81.600000000,0
81.621333333,0.0276054
81.642666667,0
81.664000000,0.000512329
81.685333333,0.00627562
81.706666667,0.0011196
81.728000000,0
81.749333333,0
81.770666667,0
81.792000000,0
81.813333333,0
81.834666667,0
81.856000000,0
81.877333333,0
81.898666667,0
81.920000000,0
81.941333333,0.00859834
81.962666667,0
81.984000000,0
82.005333333,0
82.026666667,0
82.048000000,0
82.069333333,0.0140941
82.090666667,0.00321879
82.112000000,0
82.133333333,0.00366983
82.154666667,0
82.176000000,0
82.197333333,0.00258732
82.218666667,0
82.240000000,0
82.261333333,0
82.282666667,0.00201324
82.304000000,0
82.325333333,0
82.346666667,0
82.368000000,0.00355699
82.389333333,0.00204123
82.410666667,0.0010479
82.432000000,0.00125584
82.453333333,0.0311174
82.474666667,0.00248836
82.496000000,0
82.517333333,0
82.538666667,0
82.560000000,0.00292319
82.581333333,0
82.602666667,0
82.624000000,0
82.645333333,0
82.666666667,0
82.688000000,0
82.709333333,0
82.730666667,0
82.752000000,0
82.773333333,0
82.794666667,0
82.816000000,0
82.837333333,0
82.858666667,0
82.880000000,0
82.901333333,0
82.922666667,0
82.944000000,0
82.965333333,0
82.986666667,0
83.008000000,0
83.029333333,0
83.050666667,0
83.072000000,0
83.093333333,0
83.114666667,0
83.136000000,0
83.157333333,0
83.178666667,2.6273
83.200000000,3.44175
83.221333333,0
83.242666667,0
83.264000000,0
83.285333333,0
83.306666667,0
83.328000000,0
83.349333333,0
83.370666667,0
83.392000000,0
83.413333333,0
83.434666667,0
83.456000000,0
83.477333333,0
83.498666667,0
83.520000000,0
83.541333333,0
83.562666667,0
83.584000000,0
83.605333333,0
83.626666667,0
83.648000000,0
83.669333333,0
83.690666667,0
83.712000000,0
83.733333333,0
83.754666667,0
83.776000000,0
83.797333333,0
83.818666667,0
83.840000000,0
83.861333333,0
83.882666667,0
83.904000000,0
83.925333333,0
83.946666667,0
83.968000000,0
83.989333333,0
84.010666667,0
84.032000000,0
84.053333333,0
84.074666667,0
84.096000000,0
84.117333333,0
84.138666667,0
84.160000000,0
84.181333333,0
84.202666667,0
84.224000000,0
84.245333333,0
84.266666667,0.121646
84.288000000,1.20665
84.309333333,0.336682
84.330666667,0
84.352000000,0
84.373333333,0
84.394666667,0
84.416000000,0
84.437333333,0
84.458666667,0
84.480000000,0
84.501333333,0
84.522666667,0
84.544000000,0
84.565333333,0
84.586666667,0
84.608000000,0
84.629333333,0
84.650666667,0
84.672000000,0
84.693333333,0
84.714666667,0
84.736000000,0
84.757333333,0
84.778666667,0
84.800000000,0
84.821333333,0.00318236
84.842666667,0.0121617
84.864000000,0
84.885333333,0
84.906666667,0
84.928000000,0
84.949333333,0.00278547
84.970666667,0
84.992000000,0
85.013333333,0.00201102
85.034666667,0
85.056000000,0
85.077333333,0.00659634
85.098666667,0.00824472
85.120000000,0
85.141333333,0.0036279
85.162666667,0
85.184000000,0.00483188
85.205333333,0
85.226666667,0.00508147
85.248000000,0
85.269333333,0
85.290666667,0
85.312000000,0.0072308
85.333333333,0.0103603
85.354666667,0
85.376000000,0
85.397333333,0
85.418666667,0.00946024
85.440000000,0.0278462
85.461333333,0.00203874
85.482666667,0
85.504000000,0
85.525333333,0.00276377
85.546666667,0.00295721
85.568000000,0.0073828
85.589333333,0.009715
85.610666667,0
85.632000000,0
85.653333333,0
85.674666667,0.00184399
85.696000000,0
85.717333333,0.00510588
85.738666667,0.00173781
85.760000000,0
85.781333333,0
85.802666667,0
85.824000000,0
85.845333333,0
85.866666667,0.00200795
85.888000000,0
85.909333333,0
85.930666667,0.00261271
85.952000000,0
85.973333333,0
85.994666667,0
86.016000000,0.001834
86.037333333,0
86.058666667,0
86.080000000,0.00623966
86.101333333,0
86.122666667,0
86.144000000,0
86.165333333,0
86.186666667,0
86.208000000,0
86.229333333,0
86.250666667,0
86.272000000,0
86.293333333,0.00399734
86.314666667,0.00687464
86.336000000,0
86.357333333,0
86.378666667,0
86.400000000,0.00102088
86.421333333,0.00743454
86.442666667,0.00671673
86.464000000,0.00416608
86.485333333,0
86.506666667,0
86.528000000,0
86.549333333,0
86.570666667,0.00175029
86.592000000,0
86.613333333,0
86.634666667,0
86.656000000,0.0128491
86.677333333,0
86.698666667,0
86.720000000,0.00230432
86.741333333,0
86.762666667,0
86.784000000,0
86.805333333,0.00921607
86.826666667,0.000904918
86.848000000,0.00095118
86.869333333,0.00419977
86.890666667,0.00495362
86.912000000,0
86.933333333,0
86.954666667,0.00140964
86.976000000,0.0103071
86.997333333,0.00438609
87.018666667,0
87.040000000,0
87.061333333,0.00233385
87.082666667,0
87.104000000,0.000671363
87.125333333,0
87.146666667,0
87.168000000,0
87.189333333,3.20738e-05
87.210666667,0
87.232000000,0
87.253333333,0
87.274666667,0.00251021
87.296000000,0
87.317333333,0
87.338666667,0
87.360000000,4.20958e-07
87.381333333,0
87.402666667,0
87.424000000,0
87.445333333,0.00123037
87.466666667,0.00409154
87.488000000,0.0120286
87.509333333,0.00355297
87.530666667,0.00484659
87.552000000,0.00234981
87.573333333,0.000690071
87.594666667,0
87.616000000,0.00310619
87.637333333,0
87.658666667,0
87.680000000,0
87.701333333,0.00267778
87.722666667,0
87.744000000,0
87.765333333,0.000406578
87.786666667,0.00455454
87.808000000,0
87.829333333,9.16952e-05
87.850666667,0.00280333
87.872000000,0.00545229
87.893333333,0
87.914666667,0.00151104
87.936000000,0
87.957333333,0
87.978666667,0
88.000000000,0
88.021333333,0
88.042666667,0
88.064000000,0.000167129
88.085333333,0.00159515
88.106666667,0.0283778
88.128000000,0
88.149333333,0
88.170666667,0
88.192000000,0
88.213333333,0
88.234666667,0.000843641
88.256000000,0
88.277333333,0
88.298666667,0.000480699
88.320000000,0
88.341333333,0
88.362666667,0.0010055
88.384000000,0.00967982
88.405333333,0.00459436
88.426666667,0.000276187
88.448000000,0
88.469333333,0
88.490666667,0.000155101
88.512000000,0
88.533333333,0.000451519
88.554666667,0
88.576000000,0
88.597333333,0.00127497
88.618666667,0
88.640000000,0.00138974
88.661333333,0
88.682666667,0
88.704000000,0
88.725333333,0
88.746666667,0.000154243
88.768000000,0.000681615
88.789333333,0.000729129
88.810666667,0.000616188
88.832000000,0
88.853333333,0
88.874666667,0
88.896000000,0
88.917333333,0
88.938666667,0
88.960000000,0
88.981333333,0.000107991
89.002666667,0
89.024000000,0.000875002
89.045333333,0
89.066666667,0
89.088000000,0
89.109333333,0.000241106
89.130666667,0
89.152000000,0.000204066
89.173333333,2.93845e-05
89.194666667,0
89.216000000,0
89.237333333,0
89.258666667,0
89.280000000,0
89.301333333,0
89.322666667,0
89.344000000,0
89.365333333,0
89.386666667,0
89.408000000,0
89.429333333,0
89.450666667,0
89.472000000,0
89.493333333,0
89.514666667,0
89.536000000,0
89.557333333,0
89.578666667,0
89.600000000,0
89.621333333,0
89.642666667,0
89.664000000,0
89.685333333,0
89.706666667,0
89.728000000,0
89.749333333,0
89.770666667,0
89.792000000,0
89.813333333,0
89.834666667,0
89.856000000,0
89.877333333,0
89.898666667,0
89.920000000,0
89.941333333,0
89.962666667,0
89.984000000,0
90.005333333,1.73472e-18
90.026666667,0
90.048000000,0
90.069333333,0
90.090666667,1.73472e-18
90.112000000,0
90.133333333,0
90.154666667,0
90.176000000,0
90.197333333,0
90.218666667,0
90.240000000,0
90.261333333,0
90.282666667,0
90.304000000,0
90.325333333,0
90.346666667,0
90.368000000,0
90.389333333,0
90.410666667,0
90.432000000,0
90.453333333,0
90.474666667,0
90.496000000,0
90.517333333,0
90.538666667,0
90.560000000,0
90.581333333,0
90.602666667,0
90.624000000,0
90.645333333,0
90.666666667,0
90.688000000,0
90.709333333,0
90.730666667,0
90.752000000,0
90.773333333,0
90.794666667,0
90.816000000,0
90.837333333,0
90.858666667,0
90.880000000,0
90.901333333,0
90.922666667,0
90.944000000,0
90.965333333,0
90.986666667,0
91.008000000,0
91.029333333,0
91.050666667,0
91.072000000,0
91.093333333,0
91.114666667,0
91.136000000,0
91.157333333,0
91.178666667,0
91.200000000,0
91.221333333,0
91.242666667,0
91.264000000,0
91.285333333,0
91.306666667,0
91.328000000,0
91.349333333,0
91.370666667,0
91.392000000,0
91.413333333,3.46945e-18
91.434666667,0
91.456000000,1.73472e-18
91.477333333,0
91.498666667,0
91.520000000,0
91.541333333,0
91.562666667,0
91.584000000,6.93889e-18
91.605333333,0
91.626666667,0
91.648000000,0
91.669333333,0
91.690666667,0
91.712000000,0