TIME,30.2419,30.5707,30.9066,31.25,31.6011,31.9602,32.3276,32.7035,33.0882,33.4821,33.8855,34.2988,34.7222,35.1562,35.6013,36.0577,36.526,37.0066,37.5,38.0068,38.5274,39.0625,39.6127,40.1786,40.7609,41.3603,41.9776,42.6136,43.2692,43.9453,44.6429,45.3629,46.1066,46.875,47.6695,48.4914,49.3421,50.2232,51.1364,52.0833,53.066,54.0865,55.1471,56.25,57.398,58.5937,59.8404,61.1413,62.5,63.9205,65.407,66.9643,68.5976,70.3125,72.1154,74.0132,76.0135,78.125,80.3571,82.7206,85.2273,87.8906,90.7258,93.75,96.9828,100.446,104.167,108.173,112.5,117.187,122.283,127.841,133.929,140.625,148.026,156.25,165.441,175.781,187.5,200.893,216.346,234.375,255.682,281.25,312.5,351.562,401.786,468.75
0.000000000,4.85184e-05,2.54246e-05,7.04187e-06,7.99867e-06,5.88144e-06,2.43309e-06,6.45221e-06,3.98166e-05,0.000446678,0.000476066,0.000317677,0.000199326,1.70246e-05,4.68402e-06,1.30781e-05,1.01576e-05,0.00018623,0.000284346,0.000117968,1.50418e-05,1.53334e-05,3.05244e-06,1.34367e-06,4.09372e-06,9.4598e-05,0.000669444,0.000662591,0.000144441,2.32575e-06,2.13292e-07,3.54152e-06,3.1725e-06,2.01533e-05,8.48368e-05,0.000139684,0.000139358,3.02729e-05,6.04215e-06,2.77365e-06,6.31508e-07,8.42592e-06,7.92496e-05,0.000178894,0.000284921,0.000171072,1.96468e-05,9.17847e-06,1.66499e-06,3.05162e-06,4.22311e-06,1.23214e-05,1.50563e-05,4.99956e-06,2.58644e-06,1.25501e-05,2.4903e-05,1.70708e-05,4.40001e-06,3.55008e-06,4.26188e-05,0.000118846,9.55743e-05,1.48114e-05,8.58621e-06,1.51921e-05,1.14451e-05,1.52661e-05,1.89756e-05,1.53426e-05,5.78094e-06,2.95614e-06,5.5502e-06,2.20996e-06,1.1572e-06,9.90086e-07,5.90827e-06,1.86867e-05,5.71016e-06,8.60876e-07,1.42407e-06,1.05707e-06,1.28063e-06,8.03028e-07,0.000451216,0.000856714,0.000699028,0.000298267,4.14099e-05
1.365333333,5.01887e-05,2.55987e-05,7.04187e-06,7.99867e-06,6.03632e-06,4.47754e-06,1.18274e-05,4.45659e-05,0.000450348,0.000476913,0.000324026,0.000205985,1.81771e-05,4.858e-06,1.52528e-05,1.45221e-05,0.00018623,0.000284346,0.000119212,2.91083e-05,2.78016e-05,5.18712e-06,1.36564e-06,4.10407e-06,9.46385e-05,0.000669466,0.00066322,0.000151024,3.80624e-06,3.40018e-07,3.62513e-06,3.78551e-06,2.10802e-05,9.30192e-05,0.000195288,0.000241641,5.00257e-05,6.06108e-06,2.78289e-06,8.17104e-07,9.77656e-06,8.02302e-05,0.000178939,0.000285135,0.000171263,1.9798e-05,9.19523e-06,1.75769e-06,3.65594e-06,4.2283e-06,1.23214e-05,1.50563e-05,5.23222e-06,2.80342e-06,1.41433e-05,3.07243e-05,2.66392e-05,4.50165e-06,3.55008e-06,4.26188e-05,0.000119026,9.75603e-05,1.61253e-05,9.41089e-06,1.80954e-05,1.3927e-05,1.66649e-05,1.90856e-05,1.5353e-05,5.89068e-06,2.97956e-06,6.01585e-06,7.73326e-06,5.43944e-06,1.41326e-06,5.90827e-06,1.87366e-05,5.71016e-06,8.60876e-07,1.42407e-06,1.05707e-06,1.32056e-06,1.00794e-06,0.000451349,0.000856864,0.000699177,0.000298359,4.14099e-05
2.730666667,5.01887e-05,2.55987e-05,7.04576e-06,8.37212e-06,6.03632e-06,4.47754e-06,1.18421e-05,4.45977e-05,0.000450368,0.000476951,0.000324675,0.000206815,1.81771e-05,4.858e-06,1.52531e-05,1.45326e-05,0.000186237,0.000395567,0.000286517,8.9588e-05,3.25757e-05,5.18978e-06,1.44695e-06,4.10407e-06,9.46402e-05,0.000677317,0.000671121,0.000151024,3.81253e-06,3.4456e-07,3.62716e-06,3.80013e-06,3.25603e-05,0.000120132,0.00021099,0.000241657,5.32084e-05,1.22095e-05,5.23716e-06,1.11471e-06,9.86952e-06,8.66884e-05,0.000192478,0.000292251,0.000173121,2.39979e-05,1.03164e-05,1.94878e-06,4.07019e-06,4.44735e-06,1.25739e-05,1.60181e-05,6.48522e-06,3.60202e-06,1.41433e-05,3.0775e-05,2.66946e-05,4.52548e-06,5.10905e-06,4.37135e-05,0.000119493,9.83603e-05,1.6782e-05,1.04621e-05,1.88883e-05,1.59534e-05,2.26483e-05,2.35065e-05,2.51482e-05,1.9826e-05,7.97258e-06,6.37296e-06,7.78119e-06,5.65943e-06,1.76511e-06,5.91215e-06,1.94216e-05,2.8216e-05,2.77923e-05,1.02804e-05,1.78862e-06,1.68341e-06,1.40656e-06,0.000452432,0.000859149,0.000712929,0.000304932,4.18448e-05
4.096000000,5.62282e-05,2.81388e-05,7.04576e-06,8.37212e-06,6.05076e-06,4.8648e-06,1.2048e-05,4.47193e-05,0.000453725,0.000478779,0.000324675,0.000206815,1.81771e-05,4.858e-06,1.52531e-05,1.47769e-05,0.000192962,0.000403601,0.000288935,8.9588e-05,3.25757e-05,5.18978e-06,1.44695e-06,4.13396e-06,9.46402e-05,0.000677317,0.000671121,0.000151024,3.81253e-06,3.4456e-07,3.6716e-06,3.80013e-06,3.25603e-05,0.000120132,0.000216871,0.000405254,0.000293702,9.5483e-05,5.23716e-06,1.11471e-06,9.87817e-06,8.66884e-05,0.000192478,0.000292323,0.000173121,2.4636e-05,1.09585e-05,1.94878e-06,4.07019e-06,4.44735e-06,1.25739e-05,1.61645e-05,7.5354e-06,4.55663e-06,1.41433e-05,3.0775e-05,2.66946e-05,4.52548e-06,5.10905e-06,4.37135e-05,0.000119493,9.83603e-05,1.69666e-05,1.06479e-05,1.89065e-05,1.75349e-05,2.42136e-05,2.35065e-05,2.51482e-05,1.9826e-05,1.14965e-05,9.8982e-06,7.82011e-06,8.79752e-06,7.07894e-06,8.09474e-06,1.94232e-05,2.8216e-05,2.77923e-05,1.02804e-05,1.80784e-06,1.68867e-06,1.41414e-06,0.000452434,0.000859193,0.000712993,0.00030494,4.18448e-05
5.461333333,5.62282e-05,2.81388e-05,7.04576e-06,8.37212e-06,6.05076e-06,4.8648e-06,1.2048e-05,4.47193e-05,0.000453725,0.000478779,0.000324675,0.000206815,1.81771e-05,4.858e-06,1.52531e-05,1.47769e-05,0.000209517,0.00043804,0.00029636,8.98214e-05,3.25757e-05,5.18978e-06,1.60643e-06,4.25034e-06,9.46402e-05,0.000677317,0.000671121,0.000151024,3.81253e-06,3.4456e-07,3.6716e-06,4.22835e-05,0.000385659,0.000718084,0.000363703,0.00040999,0.000293702,9.5483e-05,5.23716e-06,1.11471e-06,9.87817e-06,8.66884e-05,0.000192478,0.000292323,0.000173121,2.4636e-05,1.09585e-05,1.94878e-06,4.07019e-06,4.44735e-06,1.25739e-05,1.61645e-05,7.5354e-06,4.55663e-06,1.41433e-05,3.0775e-05,3.03642e-05,1.43654e-05,1.75742e-05,4.77172e-05,0.000119493,9.83603e-05,1.69666e-05,1.06479e-05,1.89065e-05,1.76335e-05,2.43988e-05,2.35134e-05,2.51482e-05,1.9826e-05,1.14965e-05,9.8982e-06,7.82011e-06,8.79752e-06,7.07894e-06,8.09474e-06,1.94232e-05,2.8216e-05,2.77923e-05,1.02804e-05,1.80784e-06,1.68867e-06,1.41414e-06,0.000452434,0.000859193,0.000712993,0.00030494,4.18448e-05
6.826666667,5.62282e-05,2.81388e-05,1.30122e-05,1.87408e-05,9.06404e-06,4.8648e-06,1.2048e-05,4.47193e-05,0.000453725,0.000497092,0.000415411,0.00027874,2.6601e-05,4.858e-06,1.52531e-05,1.47769e-05,0.000209517,0.00043804,0.00029636,8.98214e-05,3.25759e-05,5.18978e-06,1.60643e-06,4.25034e-06,9.46402e-05,0.000678204,0.000823464,0.000818968,0.000312406,3.11626e-05,3.6716e-06,4.22835e-05,0.000385659,0.000718084,0.000363703,0.00040999,0.000293702,9.5483e-05,5.23716e-06,1.11471e-06,9.87817e-06,8.66884e-05,0.000199615,0.000330349,0.000186197,2.46396e-05,1.09585e-05,1.94878e-06,4.07019e-06,4.44735e-06,1.25739e-05,1.61645e-05,8.1455e-06,5.83156e-06,1.43475e-05,3.0775e-05,3.03642e-05,1.43654e-05,1.75742e-05,4.77592e-05,0.000119799,9.84342e-05,1.69666e-05,1.06479e-05,1.89065e-05,1.76335e-05,2.43988e-05,2.46454e-05,3.49648e-05,3.31559e-05,1.42228e-05,9.8982e-06,7.82011e-06,8.79752e-06,7.07894e-06,8.09474e-06,3.14427e-05,8.04451e-05,4.4646e-05,1.16542e-05,1.80784e-06,1.68867e-06,1.41414e-06,0.000452434,0.000859197,0.000712996,0.00030494,4.18448e-05
8.192000000,5.62282e-05,2.81388e-05,1.41064e-05,2.17035e-05,9.06404e-06,4.8648e-06,1.2048e-05,4.83498e-05,0.000478076,0.000536689,0.000415754,0.00027874,2.6601e-05,4.858e-06,1.52531e-05,1.47769e-05,0.000209517,0.00043804,0.00029636,9.01154e-05,3.29382e-05,5.18978e-06,1.60643e-06,6.65974e-05,0.000362565,0.000949019,0.000828271,0.000818968,0.000312406,3.11626e-05,3.6716e-06,4.22835e-05,0.000385659,0.000718084,0.000363703,0.00040999,0.000293702,9.5483e-05,5.23716e-06,1.11471e-06,2.66342e-05,0.000133704,0.000232105,0.000330349,0.000186197,2.46396e-05,1.09585e-05,1.94878e-06,4.07019e-06,4.44735e-06,1.26179e-05,1.62002e-05,8.1455e-06,5.83156e-06,1.43475e-05,3.0775e-05,3.03642e-05,1.43654e-05,1.75742e-05,4.77592e-05,0.000119799,9.84342e-05,1.69666e-05,1.06479e-05,1.89065e-05,1.76335e-05,2.43988e-05,2.49994e-05,3.50955e-05,3.31559e-05,1.42228e-05,9.8982e-06,7.82011e-06,8.79752e-06,7.07894e-06,2.70395e-05,9.81034e-05,0.000122044,4.4646e-05,1.16542e-05,1.80784e-06,1.68867e-06,1.41414e-06,0.000452434,0.000859197,0.000712996,0.00030494,4.18448e-05
9.557333333,5.69209e-05,2.83629e-05,1.41194e-05,2.56737e-05,1.20247e-05,5.18433e-06,1.20579e-05,4.83498e-05,0.000483414,0.00054079,0.000416352,0.000278845,2.6601e-05,4.858e-06,1.52531e-05,1.47769e-05,0.000211508,0.000440206,0.000296935,9.06935e-05,3.31467e-05,5.20581e-06,1.60643e-06,6.65974e-05,0.000363342,0.000952561,0.000833736,0.000821087,0.000312406,3.11626e-05,3.6716e-06,4.22835e-05,0.00038681,0.000719363,0.000369867,0.000413669,0.000293702,9.5483e-05,5.23716e-06,1.11471e-06,2.66342e-05,0.000134191,0.000232713,0.00033047,0.000197473,3.22391e-05,1.1388e-05,2.04303e-06,4.1958e-06,4.55555e-06,1.3481e-05,1.64109e-05,8.1455e-06,5.83156e-06,1.43475e-05,3.0775e-05,3.03642e-05,1.43654e-05,1.75742e-05,4.77592e-05,0.000121441,0.0001006,1.80779e-05,1.06533e-05,1.89065e-05,1.76335e-05,2.43988e-05,2.49994e-05,3.50955e-05,3.31559e-05,1.42228e-05,1.16813e-05,8.95188e-06,8.79752e-06,7.07894e-06,2.70395e-05,0.00010402,0.000149712,5.97288e-05,1.16542e-05,1.80784e-06,1.68867e-06,1.41414e-06,0.000452434,0.000859197,0.000712996,0.00030494,4.21045e-05
10.922666667,5.69314e-05,2.83629e-05,0.000166779,0.000389037,0.000136344,0.000100921,1.21012e-05,4.83537e-05,0.000483414,0.00054079,0.000503601,0.000552809,0.000213501,4.858e-06,1.52531e-05,1.48505e-05,0.00021158,0.000440209,0.000296935,0.000114125,0.000134578,0.000114961,1.6069e-06,6.65974e-05,0.000363342,0.000952656,0.000833772,0.000821152,0.000312406,3.11626e-05,3.73155e-06,4.22922e-05,0.000386953,0.00071963,0.000369891,0.00041371,0.000293706,9.55167e-05,5.28015e-06,1.12947e-06,2.66932e-05,0.000134206,0.000233116,0.000330805,0.000197507,3.22792e-05,1.14087e-05,2.07958e-06,4.26199e-06,4.56859e-06,1.35242e-05,1.65377e-05,8.66499e-06,5.98186e-06,1.43957e-05,3.08112e-05,3.04468e-05,1.47633e-05,1.76084e-05,4.7771e-05,0.00012158,0.0001008,1.8274e-05,1.06824e-05,1.89429e-05,1.77782e-05,2.46451e-05,2.51874e-05,3.51145e-05,3.32086e-05,1.43717e-05,1.18007e-05,8.96346e-06,8.80931e-06,7.31254e-06,2.74357e-05,0.000104278,0.00014973,5.97349e-05,1.16758e-05,1.85849e-06,1.75818e-06,1.46486e-06,0.00045288,0.000859396,0.000713199,0.000304967,4.21214e-05
12.288000000,0.000198403,0.000217901,0.000170046,0.000473729,0.000171741,0.000102695,2.75342e-05,4.21294e-05,0.000407159,0.000601896,0.000830236,0.000782514,0.00034774,0.000130815,2.6464e-05,3.72474e-05,6.8315e-05,0.000314416,0.000324217,0.000291986,0.000401819,0.000207162,2.03249e-06,6.329e-05,0.000274585,0.000350822,0.000314685,0.000884164,0.000565754,0.000324047,3.73155e-06,5.13928e-05,0.000384859,0.00076429,0.000456304,0.000298216,0.000375471,0.000237175,5.02853e-05,1.04252e-06,2.66932e-05,0.000134206,0.000329623,0.000632715,0.000462212,2.90762e-05,8.44672e-06,8.61761e-06,1.89259e-05,4.56859e-06,1.35242e-05,2.55147e-05,0.000127171,0.000267079,0.000108595,6.68119e-06,1.45254e-05,1.19825e-05,4.16321e-05,9.91478e-05,0.00012158,0.000100521,1.57231e-05,3.51985e-06,1.11739e-05,1.39234e-05,2.40425e-05,2.51898e-05,3.51966e-05,3.33302e-05,1.43827e-05,1.18009e-05,8.88714e-06,8.20053e-06,7.2443e-06,2.74423e-05,0.000104278,0.000149747,5.99125e-05,1.17704e-05,1.85849e-06,1.75818e-06,1.50679e-06,1.13065e-05,4.60031e-05,4.33554e-05,9.78667e-06,1.05407e-06
13.653333333,0.000198238,0.000217897,0.00772906,0.00175172,0.0166391,0.00288995,2.75342e-05,4.21294e-05,0.11933,0.813216,0.76062,0.135389,0.000347306,0.000130714,0.0166603,0.017769,5.68476e-05,0.000272369,0.00952852,0.0158639,0.0205133,0.0341454,2.03249e-06,6.31087e-05,0.0015653,0.339457,1.30973,0.735664,0.0297174,0.000323979,3.73155e-06,0.0330586,0.0294701,0.000763438,0.0004512,0.00486746,0.00781803,0.0101976,0.0162639,1.02253e-06,2.44041e-05,0.0188572,0.422513,0.868361,0.281434,2.90368e-05,8.3477e-06,8.35405e-06,0.0138726,1.91945e-06,9.67775e-06,0.00147585,0.0145907,0.00548654,0.031618,0.00447502,1.44827e-05,1.18133e-05,0.0372155,0.905501,1.14349,0.245784,8.95203e-06,2.64573e-06,1.11294e-05,0.0362291,0.0169396,0.0166089,0.00777837,0.0060257,1.32788e-05,0.0130667,8.38889e-06,8.03435e-06,7.02822e-06,0.175112,0.88513,0.666978,0.0988993,1.09013e-05,1.81808e-06,0.0153354,0.0163484,0.00702688,0.00749202,0.0123973,0.0140456,0.0269775
15.018666667,0.000197463,0.000216672,0.00772856,0.00175166,0.0303408,0.00456981,2.75342e-05,4.21294e-05,0.341089,1.7155,1.30463,0.168021,0.000346908,0.000130692,0.0324004,0.0274288,5.60444e-05,0.000271041,0.00952845,0.015858,0.0480351,0.0692233,2.03249e-06,6.31087e-05,0.00156529,0.834258,2.5545,1.21704,0.0419777,0.000323979,3.73155e-06,0.0654454,0.0486432,0.000763438,0.0004512,0.00486746,0.00781803,0.0272594,0.0341476,1.02253e-06,2.44041e-05,0.0455661,1.02988,1.77655,0.498286,0.00329572,6.57437e-06,0.00262557,0.0293201,1.91945e-06,9.67775e-06,0.00147585,0.0145907,0.00548654,0.0630931,0.0150705,1.44827e-05,1.08542e-05,0.0871275,1.78713,2.09326,0.371042,8.95203e-06,2.64573e-06,0.0046782,0.0691072,0.0202423,0.0166088,0.00777822,0.00602312,1.17462e-05,0.0297725,0.00283601,8.03435e-06,7.02822e-06,0.341205,1.69341,1.20479,0.13803,1.0475e-05,1.79355e-06,0.0319868,0.0265676,0.00702688,0.00749202,0.0123973,0.0140456,0.0473856
16.384000000,0.00183676,0.00508159,0.00772638,0.00175133,0.0454881,0.0108125,2.67214e-05,1.18691e-05,0.545996,2.72971,2.09556,0.231342,0.000345912,0.000130692,0.0437831,0.0382774,5.60444e-05,0.0029928,0.0121225,0.015858,0.0662559,0.108194,2.03249e-06,6.31087e-05,0.00156529,1.30422,3.95523,1.89989,0.0419777,0.000729629,2.24122e-07,0.0873908,0.0658537,0.000762642,0.00569816,0.00897564,0.00781494,0.0425576,0.0525065,8.07418e-07,1.92441e-05,0.0566699,1.59411,2.78549,0.776509,0.00329485,6.21041e-06,0.00365977,0.0377468,6.51091e-07,0.000248906,0.00348049,0.0145867,0.0054861,0.0933644,0.026669,1.35958e-05,1.04022e-05,0.194862,2.76455,3.101,0.498188,6.7776e-06,2.64573e-06,0.0143212,0.0977245,0.0202354,0.0166058,0.00777822,0.00602308,1.17462e-05,0.0418843,0.00432094,7.97634e-06,7.00294e-06,0.583957,2.61613,1.79247,0.153094,1.04344e-05,1.70446e-06,0.0479907,0.0418208,0.00702678,0.00749199,0.0123973,0.0140456,0.071733
17.749333333,0.00887327,0.0253155,0.00840901,0.00175133,0.0533585,0.0136586,2.67214e-05,1.18691e-05,0.829641,3.79897,2.85196,0.261526,0.000331005,0.000130589,0.0547524,0.0474112,5.60444e-05,0.0171868,0.0273552,0.0158577,0.0797821,0.133692,9.02624e-07,0.000303349,0.00156529,1.89983,5.50453,2.54185,0.0419777,0.00172928,2.24122e-07,0.110282,0.0765459,0.000762642,0.0306459,0.0230891,0.00781494,0.0513236,0.0668608,8.07418e-07,1.92441e-05,0.105391,2.32754,3.98146,1.11217,0.00328689,6.21041e-06,0.007268,0.046493,6.51091e-07,0.00384996,0.0177345,0.017384,0.0054861,0.116402,0.0383324,1.35958e-05,1.04022e-05,0.311733,3.93444,4.35179,0.660558,6.7776e-06,2.20622e-06,0.0222583,0.118431,0.0202354,0.018505,0.0151456,0.00701857,1.14619e-05,0.0519555,0.00847163,7.97634e-06,7.00294e-06,0.87136,3.75684,2.55733,0.197419,1.04344e-05,1.70446e-06,0.0603538,0.0521149,0.00702678,0.0133556,0.0210769,0.0140455,0.0838551
19.114666667,0.00887262,0.0329134,0.0138814,0.00175133,0.0609486,0.0191253,2.67214e-05,1.15127e-05,1.00599,4.773,3.66422,0.340629,0.000330998,0.000126478,0.0689401,0.056068,5.60444e-05,0.021606,0.0487229,0.0165061,0.0841962,0.155037,0.000648562,0.00128311,0.00156529,2.31676,6.92595,3.24061,0.0506711,0.00172928,2.24122e-07,0.135073,0.089683,0.000762264,0.036181,0.0347397,0.00781313,0.056856,0.0785044,8.059e-07,1.85981e-05,0.117606,2.8857,5.00343,1.42312,0.00328689,6.21041e-06,0.00999028,0.0540139,6.25013e-07,0.00384996,0.0347484,0.0279978,0.00548504,0.133397,0.0489353,1.35958e-05,1.04022e-05,0.461694,5.05381,5.53054,0.823695,3.47067e-06,2.20622e-06,0.0322242,0.138096,0.0202347,0.0284464,0.041305,0.00938161,1.14619e-05,0.0584872,0.0108337,7.97634e-06,7.00294e-06,1.16872,4.80373,3.25547,0.229126,1.04291e-05,8.63071e-07,0.0724132,0.0594725,0.00702678,0.0366315,0.0496094,0.0140455,0.0950838
20.480000000,0.015694,0.0438372,0.0138814,0.00175132,0.0680939,0.0234387,2.20921e-05,9.62883e-06,1.12891,5.51691,4.19285,0.367139,0.000330974,0.000126306,0.0820963,0.0628653,0.000318319,0.0289695,0.0522182,0.0165061,0.0876007,0.178726,0.00190175,0.00128255,0.00380557,2.6927,8.1491,3.70613,0.0562896,0.00234082,0.000720342,0.158812,0.095577,0.00137073,0.0494507,0.0374814,0.00781305,0.0637782,0.0926385,5.03355e-07,1.82974e-05,0.122169,3.35767,5.83098,1.67437,0.00328689,6.21041e-06,0.00999028,0.0540137,3.8187e-07,0.00384958,0.0347478,0.0279974,0.00548485,0.151609,0.0630057,1.35958e-05,1.04021e-05,0.5279,5.90775,6.46537,0.933907,3.47067e-06,2.20622e-06,0.0442403,0.157336,0.0202297,0.0284429,0.0413028,0.00938132,1.14619e-05,0.0668426,0.0168518,7.97634e-06,7.00294e-06,1.30069,5.55155,3.79541,0.260184,1.03841e-05,8.42421e-07,0.0853886,0.0656316,0.00702678,0.0366315,0.0496094,0.0140455,0.099945
21.845333333,0.0356958,0.074471,0.0179491,0.00210837,0.0768985,0.0306844,2.16109e-05,9.34957e-06,1.31834,6.5636,4.97491,0.409872,0.000330945,0.00012618,0.087432,0.0724405,0.00372566,0.049661,0.07611,0.0183547,0.0903406,0.204204,0.00506921,0.00151129,0.00601711,3.084,9.5295,4.26792,0.0661618,0.00384917,0.00118586,0.168211,0.108314,0.00474126,0.0844321,0.0507771,0.00799577,0.0687706,0.108,4.97963e-07,1.82672e-05,0.14575,3.94152,6.86035,1.90745,0.00328413,2.23021e-06,0.0159643,0.0625514,0.000348381,0.00719359,0.049135,0.0372752,0.00621462,0.169669,0.0795323,1.3376e-05,1.03633e-05,0.628388,6.8729,7.48068,1.03167,3.46259e-06,2.12579e-06,0.0579753,0.175673,0.0209753,0.0361306,0.0550463,0.0116783,0.000296235,0.0737893,0.0209435,7.70669e-06,6.42173e-06,1.53732,6.52252,4.40064,0.28047,1.03463e-05,8.01426e-07,0.0989553,0.072839,0.00730548,0.0460376,0.0659371,0.0148485,0.104118
23.210666667,0.0691508,0.116504,0.0266785,0.00454106,0.0818322,0.0330335,1.62358e-05,4.60029e-06,1.45348,7.54381,5.69828,0.444108,0.000329792,0.000126006,0.0915857,0.0838327,0.00661501,0.0803503,0.119743,0.0268645,0.102675,0.216612,0.00735378,0.00191567,0.00726088,3.51387,11.0451,4.87613,0.076539,0.00465027,0.00202898,0.177024,0.125335,0.0120299,0.138393,0.0755365,0.00953801,0.0775634,0.113815,3.12366e-07,1.69166e-05,0.16148,4.55223,7.99676,2.14676,0.00328398,2.21346e-06,0.0175401,0.0672143,0.00375047,0.0130268,0.0833527,0.0643014,0.0148606,0.185797,0.0868062,3.80764e-06,1.02616e-05,0.722149,7.96146,8.64905,1.14121,2.14872e-06,1.3011e-06,0.0642311,0.190409,0.029549,0.0592971,0.0909723,0.0215729,0.00438088,0.0803973,0.0236032,3.42445e-06,5.99856e-06,1.71895,7.58002,5.07676,0.303925,1.03463e-05,8.01426e-07,0.104675,0.0819216,0.00941573,0.0694987,0.106541,0.01998,0.116917
24.576000000,0.0908888,0.146548,0.0459114,0.00797859,0.0896465,0.0356403,1.62211e-05,4.5685e-06,1.61538,8.5508,6.47529,0.490071,0.000329792,0.000126006,0.0968216,0.104453,0.0106293,0.0973082,0.169995,0.0422391,0.118325,0.228121,0.00944569,0.00263058,0.00992954,3.95052,12.4344,5.449,0.0818346,0.00496614,0.00405308,0.192923,0.156494,0.0187078,0.170383,0.100009,0.0137345,0.0863445,0.117983,0.000351726,1.68236e-05,0.175649,5.11441,8.9959,2.37537,0.00338308,1.09227e-06,0.019436,0.0740994,0.00921551,0.0269738,0.124999,0.0981749,0.0233034,0.20053,0.0913975,3.75224e-06,1.02378e-05,0.816107,8.98861,9.77131,1.25728,1.49202e-06,2.49902e-07,0.0693225,0.207556,0.0409179,0.0967511,0.134315,0.0333448,0.00749054,0.0855951,0.0252006,3.20446e-06,5.64671e-06,1.91768,8.65304,5.76506,0.321596,1.48997e-06,6.98722e-08,0.108675,0.0925803,0.0114352,0.0990793,0.159829,0.0314824,0.132709
25.941333333,0.118878,0.170331,0.0546042,0.0112867,0.100465,0.0382982,1.60152e-05,4.44688e-06,1.77092,9.40594,7.16144,0.549329,0.000329792,0.000345381,0.100574,0.120754,0.015865,0.117106,0.19894,0.0542206,0.146945,0.249472,0.0131098,0.0028256,0.014167,4.39317,13.795,6.07001,0.0903935,0.00553993,0.00533569,0.206719,0.18656,0.0310461,0.210269,0.116603,0.0193536,0.106154,0.126632,0.0012949,1.6815e-05,0.20698,5.66232,10.0039,2.63859,0.00338245,4.50207e-07,0.0214837,0.0833633,0.0152628,0.0336495,0.143937,0.122457,0.0389086,0.232456,0.0988239,3.75224e-06,1.02378e-05,0.925979,9.9522,10.8489,1.37809,1.3074e-06,6.41174e-08,0.0751094,0.233475,0.0570361,0.115617,0.153983,0.0437794,0.0138743,0.0992252,0.0283917,6.63681e-08,3.32878e-07,2.09448,9.49222,6.35985,0.354694,1.48997e-06,0.000436364,0.114399,0.108674,0.01587,0.11243,0.187918,0.0398588,0.161803
27.306666667,0.161121,0.200849,0.0718887,0.0167213,0.115012,0.0400896,1.60152e-05,4.44688e-06,2.01848,10.5744,7.98233,0.61619,0.000329792,0.000962286,0.108018,0.143469,0.0243463,0.145727,0.238565,0.0735884,0.175365,0.268663,0.015117,0.00319701,0.0216018,4.95409,15.2999,6.6961,0.100211,0.00586945,0.00769154,0.22724,0.218866,0.0506083,0.255213,0.142587,0.0273215,0.127279,0.133788,0.00187233,1.6815e-05,0.256226,6.34124,11.101,2.89732,0.00338245,4.50207e-07,0.0230547,0.0963329,0.0217533,0.0487622,0.170256,0.155657,0.0535117,0.260938,0.102265,8.26304e-08,3.97949e-07,1.06781,11.0674,11.9797,1.53119,1.3074e-06,6.41174e-08,0.0787043,0.263249,0.0726289,0.150199,0.177428,0.0558387,0.017091,0.109301,0.0296416,6.63681e-08,3.32878e-07,2.33244,10.5512,7.04982,0.408329,1.48997e-06,0.000885744,0.120307,0.12786,0.0229197,0.135896,0.22607,0.0564852,0.18964
28.672000000,0.19366,0.22139,0.088349,0.0187938,0.128071,0.042008,1.60152e-05,4.44688e-06,2.1539,11.4047,8.60642,0.715696,0.000321368,0.00251614,0.121087,0.171458,0.0328428,0.170765,0.278532,0.103475,0.204077,0.296121,0.0185989,0.00407484,0.024894,5.22283,16.1625,7.07678,0.113742,0.00619226,0.00769154,0.22724,0.218866,0.0506083,0.255213,0.170018,0.0394327,0.148517,0.146361,0.00328334,1.6815e-05,0.287407,6.79898,11.837,3.07945,0.00338244,4.50207e-07,0.0247349,0.108046,0.025464,0.06314,0.192656,0.194609,0.0671495,0.293147,0.106803,8.26304e-08,3.97949e-07,1.09506,11.7226,12.6895,1.68836,1.3074e-06,6.41174e-08,0.0832523,0.295937,0.089193,0.189119,0.206519,0.0755641,0.0230874,0.125485,0.0319413,6.63681e-08,3.32878e-07,2.52327,11.4405,7.56341,0.466722,1.16193e-07,0.00163692,0.128794,0.151501,0.0320211,0.165852,0.270048,0.0786096,0.221021
30.037333333,0.209205,0.23143,0.106311,0.0220559,0.147514,0.042008,1.60152e-05,8.16366e-07,2.37458,12.2986,9.29988,0.774734,0.000321368,0.00784372,0.146979,0.202768,0.0375987,0.181526,0.301034,0.125562,0.228434,0.320029,0.0185989,0.00533431,0.031903,5.73139,17.5444,7.72195,0.11502,0.00619226,0.0130014,0.256872,0.255313,0.0689692,0.289771,0.185855,0.0503845,0.165659,0.157098,0.00328334,5.90043e-08,0.347415,7.45364,12.9222,3.35231,0.00338244,4.50207e-07,0.0293929,0.127342,0.032315,0.0792469,0.213874,0.226467,0.083279,0.327632,0.106803,8.26304e-08,3.97949e-07,1.2101,12.7517,13.8397,1.85259,1.3074e-06,6.41174e-08,0.0922906,0.333917,0.104508,0.220372,0.222743,0.0884342,0.0253635,0.139417,0.0319413,6.63681e-08,3.32878e-07,2.78046,12.5301,8.32838,0.52307,1.16193e-07,0.0044028,0.145426,0.174973,0.0415855,0.187494,0.299043,0.101976,0.252407
31.402666667,0.211154,0.232341,0.106311,0.0220519,0.148381,0.0471868,1.60052e-05,8.16366e-07,2.54523,13.1804,10.0056,0.863014,0.000321368,0.0115844,0.165655,0.223399,0.0394137,0.182476,0.301091,0.125561,0.228434,0.326517,0.0249671,0.00533431,0.0319023,6.14505,18.6959,8.25507,0.119938,0.00653248,0.0259245,0.306458,0.296921,0.0805043,0.304066,0.185851,0.0503845,0.165934,0.161664,0.00614338,5.90043e-08,0.387051,7.93106,13.767,3.6098,0.00337484,2.06865e-08,0.0363917,0.146662,0.0352821,0.085494,0.214894,0.226467,0.083279,0.331928,0.115989,8.26304e-08,3.97949e-07,1.37275,13.7084,14.8265,2.00097,1.96122e-07,5.87172e-08,0.109325,0.386122,0.125183,0.235579,0.229848,0.0884342,0.0253635,0.140021,0.0356511,6.63681e-08,3.32878e-07,2.98109,13.3018,8.88278,0.591166,1.16193e-07,0.00962319,0.167312,0.1971,0.0475469,0.194927,0.29949,0.101976,0.252406
32.768000000,0.211154,0.232341,0.113164,0.0216886,0.168599,0.054915,1.5962e-05,8.12462e-07,2.69531,13.9372,10.5337,0.891769,0.000134468,0.0159165,0.19016,0.250807,0.0394136,0.182476,0.312927,0.137943,0.262701,0.375647,0.0388218,0.00577481,0.033399,6.48244,19.6806,8.66094,0.120142,0.00661106,0.0341117,0.34261,0.325235,0.0818117,0.305397,0.195127,0.0564209,0.192867,0.189551,0.012885,0,0.415848,8.45321,14.6186,3.79861,0.0033748,0,0.0429369,0.17,0.0390129,0.0865395,0.218639,0.238792,0.0936445,0.371705,0.129755,0,0,1.43911,14.4708,15.6255,2.0934,0,2.95745e-08,0.118822,0.421139,0.134519,0.237096,0.23169,0.096787,0.0294362,0.165842,0.04498,5.45741e-08,9.92762e-08,3.18321,14.1934,9.45743,0.628826,9.46084e-08,0.0142008,0.189893,0.220977,0.0482777,0.196049,0.309956,0.112249,0.282798
34.133333333,0.210967,0.232183,0.114267,0.0227037,0.192447,0.0618412,0,0,2.91031,14.6443,11.0224,0.9243,0,0.0157905,0.202986,0.265732,0.0393831,0.182361,0.314067,0.139496,0.289109,0.420162,0.0496303,0.00582479,0.0336036,6.97741,20.7108,9.06589,0.119888,0.00631817,0.0428633,0.387012,0.359598,0.0816846,0.30518,0.195768,0.0568719,0.206533,0.20541,0.0163675,0,0.492053,8.87234,15.2834,3.93336,0.0033748,0,0.0477881,0.190009,0.0390129,0.0865395,0.218962,0.24017,0.100438,0.405445,0.139095,0,0,1.50052,15.1385,16.3524,2.1588,0,0,0.127333,0.458105,0.142301,0.237096,0.23169,0.0976267,0.0294362,0.183673,0.0502226,0,0,3.29401,14.7963,9.84317,0.649901,0,0.0173238,0.206402,0.235968,0.0482774,0.196049,0.311376,0.113737,0.312933
35.498666667,0.210967,0.232183,0.106708,0.0214242,0.194883,0.0636358,0,0,2.92953,14.4773,10.6571,0.933444,0,0.0157905,0.203617,0.247999,0.0393831,0.182361,0.304835,0.123916,0.300853,0.431279,0.058679,0.00582479,0.0323123,6.97801,20.4151,8.86202,0.132188,0.00631817,0.0428633,0.39317,0.358902,0.0816846,0.30518,0.191196,0.0494292,0.218913,0.214378,0.0211585,0,0.488079,8.98145,15.071,3.88895,0.0033748,0,0.0477881,0.20083,0.0401696,0.0865395,0.217508,0.225706,0.123022,0.41192,0.1422,0,0,1.69587,15.0598,15.9283,2.13038,0,0,0.127333,0.451861,0.152026,0.220505,0.22394,0.0916332,0.030623,0.1962,0.0563538,0,0,3.40229,14.5932,9.59103,0.663527,0,0.0173238,0.20973,0.219621,0.0412526,0.18856,0.298993,0.099698,0.3146
36.864000000,0.210967,0.232183,0.106708,0.0214242,0.203692,0.0666627,0,0,2.73784,14.2814,10.774,0.950966,0,0.0157905,0.187877,0.257833,0.0393831,0.182361,0.304835,0.123916,0.301082,0.436762,0.058679,0.00582479,0.0323123,6.76983,20.2478,8.91364,0.127795,0.00631817,0.0428633,0.392838,0.367053,0.0816846,0.30518,0.191196,0.0494292,0.213461,0.219763,0.0211585,0,0.46137,8.62613,14.9972,3.92209,0.00367973,0,0.0451708,0.201337,0.0401696,0.0865395,0.217508,0.225706,0.126477,0.421788,0.1384,0,0,1.71495,14.8888,15.8792,2.08189,0,0,0.128719,0.455775,0.151795,0.220505,0.22394,0.0916332,0.030623,0.197123,0.0535262,0,0,3.26723,14.3719,9.58788,0.642083,0,0.0173238,0.193079,0.230472,0.0412526,0.18856,0.298993,0.099698,0.323907
38.229333333,0.209327,0.227315,0.106708,0.0214242,0.204361,0.0626925,0,0,2.74508,14.0519,10.4937,0.90316,0,0.0157905,0.195904,0.256659,0.0393831,0.17964,0.302241,0.123916,0.309262,0.435573,0.058679,0.00582479,0.0323123,6.75906,20.0206,8.66998,0.127795,0.00591247,0.0428633,0.404151,0.372585,0.0816846,0.299932,0.187081,0.0494292,0.215525,0.222272,0.0211585,0,0.480365,8.68477,14.8572,3.83637,0.00367973,0,0.0479342,0.211054,0.0401696,0.0862922,0.215493,0.225706,0.126477,0.429879,0.135759,0,0,1.69212,14.8981,15.8155,2.02774,0,0,0.127289,0.462297,0.151795,0.220505,0.22394,0.0916332,0.030623,0.204488,0.0561136,0,0,3.25107,14.372,9.54484,0.654829,0,0.0173238,0.197456,0.225378,0.0412526,0.18856,0.298993,0.099698,0.323588
39.594666667,0.203007,0.209242,0.106025,0.0214242,0.213906,0.0657182,0,0,2.60589,13.8123,10.4001,0.919043,0,0.0157905,0.205491,0.264614,0.0393831,0.165446,0.287008,0.123916,0.308574,0.443485,0.058679,0.00558455,0.0323123,6.46607,19.5191,8.54366,0.127795,0.00491281,0.0428633,0.417845,0.387432,0.0816846,0.274985,0.172967,0.0494292,0.215181,0.226017,0.0211585,0,0.440218,8.35469,14.4631,3.74382,0.00367973,0,0.0464912,0.217363,0.0401696,0.0826911,0.201239,0.222908,0.126477,0.434406,0.133231,0,0,1.61893,14.3936,15.3547,1.94801,0,0,0.128956,0.470557,0.151795,0.218606,0.216571,0.0906374,0.030623,0.208499,0.0539853,0,0,3.15618,13.9907,9.29544,0.626451,0,0.0173238,0.203908,0.230726,0.0412526,0.182696,0.290313,0.099698,0.334984
40.960000000,0.203007,0.201644,0.100553,0.0214242,0.219758,0.0660111,0,0,2.64062,13.6572,10.1365,0.862613,0,0.0157905,0.203727,0.261733,0.0393831,0.162422,0.266289,0.123268,0.323272,0.460858,0.0580313,0.0046048,0.0323123,6.49724,19.2371,8.29011,0.119102,0.00515983,0.0428633,0.415616,0.382956,0.0816846,0.27198,0.162284,0.0494292,0.224174,0.239055,0.0211585,0,0.461831,8.35293,14.272,3.62241,0.00367973,0,0.0476703,0.221402,0.0401696,0.0831292,0.185523,0.212295,0.126477,0.449349,0.13746,0,0,1.57712,14.1666,15.0231,1.85894,0,0,0.128475,0.471295,0.151795,0.209724,0.192698,0.088273,0.030623,0.219761,0.057623,0,0,3.05225,13.7891,9.12548,0.618366,0,0.0173238,0.21057,0.232071,0.0412526,0.159421,0.261781,0.099698,0.336877
42.325333333,0.19765,0.194233,0.101393,0.0214242,0.223144,0.069156,0,0,2.70205,13.8398,10.3432,0.900519,0,0.0157905,0.208346,0.265386,0.0391208,0.155826,0.265708,0.123268,0.326677,0.463044,0.0567781,0.00478107,0.0300685,6.52206,19.2641,8.43228,0.113483,0.00454829,0.0421431,0.419286,0.390578,0.0810758,0.259407,0.161224,0.0494292,0.223439,0.239854,0.0211585,0,0.474722,8.43366,14.4306,3.69904,0.00367973,0,0.0516822,0.230756,0.0401696,0.0831292,0.187894,0.213785,0.126477,0.452198,0.136628,0,0,1.59028,14.1937,15.0711,1.88693,0,0,0.131056,0.475251,0.151795,0.209724,0.193638,0.0886758,0.030623,0.219754,0.0551821,0,0,3.16679,13.9306,9.18132,0.618198,0,0.0173238,0.213113,0.235035,0.0412526,0.1625,0.265514,0.099698,0.343889
43.690666667,0.177648,0.163598,0.0973249,0.0210669,0.222972,0.0675907,0,0,2.616,13.3893,9.91976,0.889439,0,0.0157905,0.222595,0.263917,0.0357133,0.136758,0.242488,0.121419,0.326491,0.464466,0.0553844,0.00455229,0.0278567,6.27555,18.6189,8.1239,0.11128,0.00320796,0.0416776,0.443247,0.386611,0.0777053,0.22719,0.148655,0.0492465,0.22492,0.242142,0.0211585,0,0.463063,8.30295,14.1568,3.62327,0.00367973,0,0.0551719,0.235564,0.0398215,0.0805696,0.174613,0.204508,0.125747,0.4553,0.137446,0,0,1.52,13.8106,14.671,1.8961,0,0,0.117321,0.456915,0.151049,0.202036,0.179894,0.0863788,0.0303382,0.224087,0.0590814,0,0,3.09936,13.6622,8.98126,0.632468,0,0.0173238,0.215738,0.23453,0.0409739,0.153094,0.249186,0.0988951,0.347011
45.056000000,0.144191,0.122632,0.0895614,0.0186342,0.230865,0.0768575,0,0,2.59421,13.2177,9.79352,0.880916,0,0.0157905,0.230997,0.270638,0.0377761,0.106252,0.201439,0.113183,0.31636,0.483155,0.056562,0.00426642,0.0286697,6.11828,18.1292,7.89822,0.105236,0.00240674,0.0420761,0.454582,0.391623,0.0723298,0.173298,0.125278,0.0476845,0.217619,0.254187,0.0211585,0,0.454704,8.07599,13.7761,3.54693,0.00367973,0,0.0575051,0.241043,0.0428073,0.0747364,0.141982,0.178956,0.117101,0.458251,0.147907,0,0,1.47239,13.4293,14.2673,1.85104,0,0,0.131261,0.466797,0.142474,0.180544,0.146821,0.0770183,0.0262535,0.227243,0.0628415,0,0,3.06848,13.399,8.80618,0.623535,0,0.0173238,0.230228,0.232852,0.0388635,0.131548,0.211727,0.0939302,0.337103
46.421333333,0.14004,0.111483,0.0703285,0.0201669,0.233659,0.0798153,0,0,2.58511,13.0201,9.55804,0.854603,0,0.0157905,0.232432,0.260129,0.0345591,0.106588,0.152472,0.0977483,0.321191,0.49599,0.059417,0.00355151,0.026001,5.99185,17.8194,7.73385,0.109506,0.00346338,0.0413246,0.451926,0.377621,0.0701083,0.171082,0.102926,0.0467226,0.226658,0.264228,0.0212297,0,0.447797,8.04626,13.6788,3.50072,0.00422961,0,0.0598066,0.244799,0.0439731,0.07174,0.112413,0.145081,0.124532,0.474073,0.158001,0,0,1.45454,13.2374,13.9789,1.7962,0,0,0.136782,0.472474,0.143373,0.143086,0.103468,0.0652324,0.0311689,0.236771,0.0679946,0,0,3.03278,13.1264,8.59264,0.618391,0,0.0173238,0.236734,0.234378,0.0377866,0.101965,0.158424,0.0838083,0.342072
47.786666667,0.112481,0.0957782,0.0757621,0.0210466,0.233501,0.0825554,0,0,2.57961,13.0478,9.55897,0.838106,0,0.0158421,0.238178,0.268335,0.0342583,0.087184,0.154555,0.0972187,0.309525,0.492738,0.0601293,0.00422687,0.0251456,5.95416,17.6837,7.63765,0.104475,0.00290478,0.043157,0.458082,0.378242,0.0579122,0.135427,0.104244,0.0444736,0.21808,0.263357,0.0208936,0,0.435926,8.0255,13.5326,3.44503,0.00422961,0,0.0612033,0.247226,0.0452451,0.0652215,0.113688,0.144815,0.11993,0.462982,0.159753,0,0,1.43338,13.119,13.8097,1.78429,0,0,0.139974,0.468413,0.140142,0.147644,0.114447,0.0634444,0.0287094,0.230615,0.0681079,0,0,3.02161,13.165,8.58092,0.609498,0,0.0171421,0.239644,0.231934,0.0366009,0.110189,0.164596,0.083121,0.329171
49.152000000,0.0845009,0.0772662,0.0586768,0.0207292,0.232118,0.0851136,0,0,2.49899,12.7282,9.39738,0.834662,0,0.0155694,0.236186,0.263918,0.0302581,0.0690804,0.117598,0.0781263,0.310444,0.500428,0.0641403,0.00386386,0.0198993,5.81324,17.4068,7.58687,0.102742,0.00307726,0.0432404,0.455016,0.375031,0.0443302,0.108145,0.0786441,0.0395651,0.219908,0.268757,0.021901,0,0.41481,7.92935,13.4272,3.46754,0.00422961,0,0.0625898,0.249083,0.0459046,0.0580852,0.0919997,0.112106,0.123232,0.469022,0.167039,0,0,1.40675,12.9412,13.685,1.77124,0,0,0.145786,0.470633,0.144712,0.113491,0.0914935,0.0516312,0.0329602,0.237249,0.072232,0,0,2.99421,12.9938,8.49564,0.588887,0,0.017305,0.242268,0.23203,0.0332224,0.0870413,0.127048,0.0666942,0.331574
50.517333333,0.0519618,0.0603347,0.0514028,0.0246213,0.235605,0.0865934,0,0,2.5179,12.7262,9.44448,0.80051,0,0.0157983,0.238381,0.267877,0.0259574,0.0440425,0.0914849,0.0583804,0.30466,0.494875,0.0644072,0.00354507,0.0184037,5.9409,17.6556,7.73958,0.0957467,0.00272362,0.0498954,0.489023,0.415586,0.0443302,0.108145,0.0606011,0.030385,0.214209,0.264506,0.0215735,0,0.408358,7.93902,13.5073,3.51117,0.00422961,0,0.0656376,0.254728,0.049147,0.0437074,0.0773546,0.086988,0.122428,0.462576,0.167615,0,0,1.48086,13.1295,13.8796,1.76171,0,0,0.147043,0.467678,0.145006,0.0902265,0.0753901,0.0380767,0.0316496,0.232347,0.0722185,0,0,2.99077,12.9816,8.5803,0.582559,0,0.017398,0.242071,0.229199,0.0291626,0.0692607,0.100983,0.0531288,0.327082
51.882666667,0.0467126,0.0560605,0.0334396,0.0234377,0.234541,0.0921056,0,0,2.36437,12.3884,9.24718,0.795253,0,0.0121445,0.224429,0.257633,0.0233479,0.0401496,0.0689825,0.0362934,0.313901,0.508232,0.0727445,0.00222325,0.0111267,5.81508,17.2254,7.52804,0.0957692,0.00312766,0.050278,0.489548,0.409694,0.0332691,0.08355,0.044764,0.0194332,0.224684,0.274479,0.0253427,0,0.379102,7.66572,13.1043,3.42699,0.00422961,0,0.0609796,0.235432,0.042296,0.0276005,0.0561368,0.0551299,0.124951,0.47059,0.179024,0,0,1.48458,12.7876,13.4578,1.70312,0,0,0.148404,0.468942,0.148407,0.0589729,0.0591664,0.0252066,0.0378524,0.242642,0.0789299,0,0,2.83491,12.4642,8.25899,0.556749,0,0.0168006,0.239348,0.228028,0.0195982,0.0476193,0.0719878,0.0297626,0.328244
53.248000000,0.056988,0.0626482,0.0406397,0.0273911,0.256714,0.0925243,0,0,2.38623,12.3872,9.22202,0.769182,0,0.0124571,0.226756,0.263809,0.0255055,0.0482401,0.0776137,0.0455586,0.340496,0.536859,0.0735798,0.00265337,0.012377,5.78935,17.1879,7.54264,0.0921419,0.00311538,0.0461679,0.476609,0.400142,0.0303749,0.0800638,0.0508659,0.0236605,0.243086,0.287596,0.0257693,0,0.385204,7.72059,13.1276,3.40582,0.00422961,0,0.059053,0.238051,0.0471557,0.0278569,0.062523,0.0676162,0.139809,0.508287,0.179546,0,0,1.42705,12.6915,13.3828,1.69244,0,0,0.139847,0.454386,0.144662,0.0546373,0.0581812,0.0303238,0.039691,0.258166,0.0791976,0,0,2.83132,12.5449,8.29255,0.540136,0,0.0143371,0.234578,0.230572,0.0171721,0.0482303,0.0812388,0.0375046,0.35793
54.613333333,0.0591802,0.0634995,0.0397428,0.0273911,0.254444,0.090911,0,0,2.37339,12.4514,9.26141,0.800431,0,0.0122715,0.223055,0.257777,0.0262358,0.0492932,0.0758363,0.0446936,0.335884,0.531985,0.0714581,0.00262245,0.0123445,5.86049,17.3611,7.61114,0.092151,0.00311013,0.0469142,0.480764,0.401748,0.0306406,0.0802068,0.0500656,0.0227317,0.241225,0.283436,0.0242205,0,0.384699,7.71082,13.1307,3.42517,0.00422961,0,0.0582354,0.232033,0.045377,0.0324281,0.0622311,0.0681102,0.137711,0.509276,0.178814,0,0,1.4354,12.7211,13.4259,1.72157,0,0,0.144092,0.46465,0.150839,0.0665961,0.062931,0.0295407,0.0396352,0.256119,0.077565,0,0,2.81596,12.447,8.24511,0.554935,0,0.0143385,0.23191,0.225889,0.0209313,0.053583,0.0799093,0.0369749,0.354568
55.978666667,0.0609138,0.0638954,0.0399256,0.0277116,0.257141,0.0913008,0,0,2.31958,12.7957,9.47301,0.807532,0,0.0122715,0.224759,0.266932,0.0269154,0.0504198,0.0761837,0.0449765,0.341702,0.537271,0.0720536,0.00257246,0.0123418,5.77723,17.6317,7.72132,0.0953415,0.00316392,0.0381627,0.468649,0.39549,0.03215,0.0815212,0.0507882,0.0231397,0.255232,0.294873,0.0262064,0,0.331535,7.87564,13.4716,3.50408,0.00422961,0,0.0602015,0.23763,0.0497492,0.03363,0.0624363,0.0688528,0.137258,0.522616,0.183677,0.000427201,0,1.42515,12.9404,13.6221,1.75158,0,0,0.146945,0.470785,0.151905,0.0685975,0.0633669,0.0296299,0.0396352,0.257109,0.0775818,0,0,2.86117,12.7559,8.42725,0.564726,0,0.0156716,0.238719,0.237307,0.0217162,0.0548841,0.0800202,0.0372428,0.355434
57.344000000,0.0609138,0.0638954,0.0406954,0.0277116,0.254675,0.086719,0,0,2.44387,13.14,9.69762,0.69407,0,0.0122715,0.22431,0.290809,0.0269154,0.0504198,0.077604,0.0466626,0.340173,0.52822,0.0630048,0.00257246,0.021194,6.11556,18.0784,7.67019,0.0538897,0.00316392,0.0381627,0.463958,0.39452,0.03215,0.0815212,0.0517536,0.0240109,0.253507,0.288294,0.0214154,0,0.426579,8.06585,13.8785,3.44979,0.00422961,0,0.0602015,0.229759,0.0485925,0.0344154,0.0635011,0.0708791,0.13219,0.527899,0.176104,0.000427201,0,1.43324,13.2754,13.9145,1.59104,0,0,0.148288,0.480638,0.131049,0.0704588,0.0636914,0.0306767,0.0396656,0.25388,0.0714505,0,0,2.7589,13.1213,8.65993,0.479462,0,0.0156716,0.236968,0.261318,0.0225065,0.0560063,0.0813193,0.0388747,0.354533
58.709333333,0.0609138,0.0638954,0.0406954,0.0277483,0.251461,0.0839823,0,0,2.5683,13.3727,9.69817,0.782287,0,0.0122715,0.242889,0.291885,0.0269154,0.0504198,0.077604,0.0466626,0.337031,0.528679,0.0630048,0.00257246,0.021194,6.18257,18.1617,7.59015,0.0968978,0.00316392,0.0381627,0.46725,0.367196,0.03215,0.0815212,0.0517536,0.0240109,0.253115,0.285319,0.0214154,0,0.443912,8.32146,13.9263,3.35943,0.000653185,0,0.0602015,0.235549,0.0497754,0.0344154,0.0635011,0.0708791,0.131954,0.520904,0.176923,0.000427201,0,1.39724,13.4862,13.9202,1.74425,0,0,0.142235,0.485231,0.149702,0.0704588,0.0636914,0.0306767,0.0396656,0.251536,0.0714505,0,0,3.02117,13.5603,8.68785,0.577373,0,0.0156716,0.25448,0.259637,0.0225065,0.0560063,0.0813193,0.0388747,0.353027
60.074666667,0.0609138,0.0638954,0.0406954,0.0277483,0.251111,0.0840053,0,0,2.55773,13.3285,9.76543,0.80391,0,0.0122715,0.231814,0.286813,0.0269154,0.0504198,0.077604,0.0466626,0.336526,0.528773,0.0630048,0.00257246,0.0220417,5.93361,17.8948,7.7348,0.107742,0.00316392,0.0381627,0.433991,0.374198,0.03215,0.0815212,0.0517536,0.0240109,0.255985,0.285474,0.0214154,0,0.416115,8.08158,13.7347,3.41745,0.0025267,0,0.0564039,0.233268,0.0497754,0.0344154,0.0635011,0.0708791,0.132327,0.520285,0.179278,0.000427201,0,1.36806,13.0355,13.8804,1.78235,0,0,0.1418,0.485143,0.152984,0.0704588,0.0636914,0.0306767,0.039702,0.251204,0.0693327,0,0,2.98013,13.2778,8.66071,0.568868,0,0.0156716,0.254482,0.260734,0.0225065,0.0560063,0.0813193,0.0388747,0.353433
61.440000000,0.0601971,0.0617347,0.0406954,0.0277483,0.233696,0.0781335,0,0,2.63322,13.5466,9.80474,0.776543,0,0.0122715,0.227058,0.284917,0.0269154,0.0504198,0.077604,0.0466626,0.323687,0.495362,0.0630048,0.00257246,0.0220417,6.1807,18.2645,7.80914,0.109487,0.00316392,0.0381627,0.413966,0.358589,0.03215,0.0815212,0.0517536,0.0240109,0.247563,0.267375,0.0214154,0,0.422016,8.35023,14.0113,3.44159,0.002767,0,0.0550212,0.225871,0.04979,0.0344154,0.0635011,0.0708791,0.132327,0.492721,0.170143,0.000427201,0,1.42248,13.4266,14.1112,1.79697,0,0,0.136644,0.471019,0.15313,0.0704588,0.0636914,0.0306767,0.039702,0.237118,0.0673089,0,0.000208595,3.02612,13.6044,8.80326,0.569107,0,0.0156716,0.243805,0.252917,0.0225065,0.0560063,0.0813193,0.0388747,0.329915
62.805333333,0.0634393,0.0692137,0.0406954,0.0277483,0.227658,0.0751281,0,0,2.6259,13.7004,10.0194,0.804509,0,0.0122715,0.227984,0.290357,0.0269154,0.053544,0.0807514,0.0466626,0.313545,0.472087,0.0630048,0.00257246,0.0220417,6.2291,18.4554,7.98886,0.109487,0.00291691,0.0381627,0.419388,0.369042,0.03215,0.0789879,0.0507812,0.0240109,0.240534,0.251609,0.0214154,0,0.40252,8.41119,14.2312,3.57623,0.002767,0,0.0527883,0.225544,0.04979,0.0339774,0.0622031,0.0708791,0.132327,0.475298,0.161597,0.000427201,0,1.42776,13.5456,14.3406,1.87487,0,0,0.138913,0.477727,0.15313,0.0693939,0.0614005,0.0306767,0.039702,0.225239,0.0621868,0,0.000208595,3.08216,13.7439,8.91248,0.561625,0,0.0156716,0.241474,0.257981,0.0225065,0.0560063,0.0813193,0.0388747,0.326698
64.170666667,0.0619753,0.065701,0.0398552,0.0277483,0.226584,0.0726927,0,0,2.63153,13.6694,9.94078,0.783185,0,0.0122715,0.229781,0.290977,0.0269154,0.0527771,0.0778374,0.0466626,0.320111,0.475142,0.0630048,0.00239618,0.0220417,6.28254,18.4541,7.97623,0.109487,0.00343757,0.0381627,0.414725,0.368722,0.03215,0.0859875,0.0535647,0.0240109,0.244986,0.255469,0.0214154,0,0.419761,8.47595,14.2616,3.5655,0.002767,0,0.0527677,0.226909,0.04979,0.0353279,0.0634582,0.0693883,0.132327,0.478458,0.160486,0.000427201,0,1.45871,13.5785,14.3305,1.86746,0,0,0.13383,0.473513,0.15313,0.0726139,0.0668855,0.0302739,0.039702,0.230334,0.0636108,0,0.000208595,3.09034,13.8449,8.97655,0.573627,0,0.0156716,0.240457,0.257059,0.0225065,0.0578337,0.0803615,0.0388747,0.331116
65.536000000,0.0683044,0.0777886,0.0421164,0.0277483,0.227388,0.0736745,0,0,2.67333,13.9462,10.2664,0.818559,0,0.0122715,0.222558,0.289026,0.0270705,0.0594311,0.0878786,0.0466626,0.323544,0.471134,0.061231,0.00293352,0.0220417,6.53689,18.9177,8.26904,0.101817,0.00326946,0.0381627,0.410983,0.373632,0.03215,0.0853833,0.0574173,0.0240109,0.24488,0.251313,0.0214154,0,0.426982,8.55242,14.4245,3.7038,0.002767,0,0.0483654,0.223079,0.04979,0.0345434,0.0687625,0.0739504,0.132327,0.476184,0.156583,0.000427201,0,1.51492,13.8793,14.6866,1.91086,0,0,0.151298,0.498035,0.15313,0.0726139,0.0693317,0.0315737,0.039702,0.226261,0.0594498,0,0.000208595,3.11699,13.9613,9.11264,0.572166,0,0.0156716,0.241506,0.258483,0.0225065,0.0612945,0.0878472,0.0388747,0.334018
66.901333333,0.081536,0.0929218,0.0411505,0.0277483,0.22346,0.0688253,0,0,2.71723,13.7628,10.1669,0.818282,0,0.0122715,0.21,0.270909,0.0221184,0.059247,0.0852931,0.0463748,0.324735,0.471821,0.0600962,0.002815,0.0199849,6.56424,18.8958,8.31205,0.106231,0.00399343,0.036921,0.411449,0.357532,0.030372,0.0956744,0.0586538,0.0240109,0.25001,0.253002,0.0214154,0,0.433642,8.49471,14.3286,3.70235,0.002767,0,0.0503599,0.221448,0.0436245,0.0375261,0.0713969,0.0724755,0.132327,0.479969,0.157499,0.000427201,0,1.52666,13.9432,14.7609,1.94212,0,0,0.143978,0.489525,0.15355,0.0774465,0.0744457,0.0310395,0.039702,0.228409,0.0614338,0,0.000208595,3.11996,13.7971,9.10128,0.589257,0,0.0156716,0.221296,0.251078,0.0225065,0.059379,0.0847032,0.0387079,0.338687
68.266666667,0.0848195,0.101622,0.044854,0.0229946,0.221189,0.0705691,0,0,2.66186,13.8409,10.2848,0.837768,0,0.0122715,0.210172,0.270871,0.0239463,0.0558774,0.100498,0.0479952,0.305684,0.471332,0.0583048,0.00306613,0.0215664,6.63377,19.1845,8.45153,0.104146,0.00360792,0.0364501,0.410053,0.353936,0.0288127,0.0898977,0.0663778,0.0208904,0.236981,0.253613,0.0209924,0,0.437202,8.53477,14.4284,3.75743,0.00211382,0,0.0484542,0.216414,0.040406,0.0311398,0.0734153,0.0796731,0.116879,0.46578,0.157018,0.000427201,0,1.50819,14.0126,14.8841,1.98614,0,0,0.140418,0.482626,0.150268,0.0914932,0.0932645,0.0333393,0.031831,0.21977,0.0592216,0,0.000208595,3.13473,13.885,9.18541,0.594718,0,0.0156716,0.224059,0.243737,0.0216823,0.0672404,0.0977738,0.0381727,0.320777
69.632000000,0.1248,0.130353,0.0364586,0.0208631,0.215596,0.0680395,0,0,2.60561,13.8305,10.3047,0.855766,0,0.0120006,0.210382,0.266963,0.0242614,0.0768857,0.0961902,0.0434769,0.300303,0.467369,0.0573992,0.0028363,0.0193535,6.53308,19.2385,8.49474,0.108931,0.00429993,0.0353685,0.409115,0.351694,0.0340962,0.119411,0.0615445,0.0177087,0.232544,0.252139,0.0206001,0,0.417741,8.492,14.5835,3.79711,0.00245909,0,0.0496394,0.218327,0.0424924,0.0411929,0.0798103,0.0741989,0.114535,0.463111,0.157122,0.000427201,0,1.46786,14.178,15.1162,2.03384,0,0,0.143428,0.492493,0.155349,0.0945086,0.0921778,0.0317334,0.0323602,0.22022,0.0594418,0,0.000208595,3.1159,14.0509,9.26925,0.596445,0,0.015417,0.222662,0.24044,0.0208676,0.0608525,0.0906956,0.0339633,0.317985
70.997333333,0.13811,0.140592,0.0502691,0.0198167,0.216231,0.070023,0,0,2.52759,13.7532,10.212,0.8334,0,0.0118301,0.210481,0.267071,0.0206837,0.0922712,0.125378,0.0547904,0.29728,0.464464,0.0566198,0.00339421,0.0192936,6.46503,19.2326,8.37734,0.103324,0.0051539,0.0356898,0.410097,0.352693,0.0421363,0.144506,0.0787139,0.0169062,0.224091,0.249385,0.0200355,0,0.394463,8.32608,14.4075,3.68534,0.00245909,0,0.0489247,0.213344,0.04066,0.0450937,0.0984903,0.0988681,0.109694,0.45652,0.157769,0.000427201,0,1.43128,14.097,14.9806,1.98899,0,0,0.140991,0.491069,0.151636,0.13099,0.119895,0.039448,0.0290451,0.212358,0.0576666,0,0.000208595,3.00117,13.8766,9.08809,0.580864,0,0.0150776,0.222323,0.235205,0.0177984,0.0775075,0.118395,0.0433976,0.311122
72.362666667,0.165608,0.153623,0.0556671,0.0167838,0.210798,0.0693717,0,0,2.51033,13.7497,10.0895,0.811377,0,0.0109517,0.205219,0.258234,0.0189216,0.111186,0.153597,0.0658562,0.304147,0.465498,0.0568635,0.004025,0.0214095,6.45887,19.3849,8.33164,0.0987468,0.00575675,0.0335994,0.403637,0.353366,0.0544208,0.178247,0.0922818,0.0215666,0.22481,0.250762,0.0203812,0,0.384855,8.33001,14.4463,3.63845,0.00245909,0,0.0496208,0.215729,0.0399758,0.0596914,0.115762,0.128804,0.110949,0.4655,0.160895,0.000427201,0,1.41161,14.2049,15.122,1.94788,0,0,0.146846,0.504973,0.15219,0.146715,0.128191,0.0532849,0.0293451,0.216581,0.0591498,0,0.000208595,2.96613,13.8886,9.04532,0.56257,0,0.0148489,0.221128,0.232366,0.0160156,0.0906585,0.14603,0.0514052,0.316491
73.728000000,0.184556,0.163029,0.0719376,0.0173841,0.213073,0.0698869,0,0,2.56513,13.9313,10.2004,0.810535,0,0.0108143,0.204229,0.256225,0.0214679,0.118494,0.180683,0.0857338,0.303578,0.462506,0.05589,0.00466658,0.0240436,6.43005,19.5935,8.40795,0.0998364,0.00607862,0.032126,0.399164,0.357142,0.060007,0.193824,0.108557,0.0283782,0.217039,0.244387,0.0191355,0,0.386758,8.37756,14.5937,3.65894,0.00245909,0,0.0524742,0.228255,0.043308,0.0684062,0.131897,0.159559,0.108949,0.465565,0.160881,0.000427201,0,1.38961,14.3732,15.3401,1.96724,0,0,0.144914,0.504251,0.148896,0.172579,0.142565,0.0634744,0.0244039,0.205855,0.0562134,0,0.000208595,3.01497,14.0382,9.06573,0.571919,0,0.0146707,0.219777,0.229837,0.0213722,0.106841,0.17542,0.0662195,0.319784
75.093333333,0.172331,0.15553,0.0757039,0.0134307,0.204742,0.0678688,0,0,2.49306,13.6248,9.84963,0.748326,0,0.00953773,0.199782,0.253118,0.0238666,0.124662,0.192671,0.0943041,0.304721,0.458067,0.0545086,0.00502717,0.025621,6.29711,19.1724,8.1798,0.10098,0.00634316,0.0312777,0.401842,0.363856,0.069647,0.207896,0.115459,0.0315582,0.215807,0.240885,0.0182668,0,0.368601,8.29813,14.3569,3.54369,0.00245909,0,0.0538104,0.230098,0.0385758,0.0766119,0.134333,0.172268,0.104629,0.459935,0.159397,0.000427201,0,1.36994,14.0413,14.9597,1.83764,0,0,0.136437,0.466603,0.131966,0.161707,0.138246,0.0716863,0.0249824,0.208195,0.0565859,0,0.000208595,2.97769,13.8008,8.82461,0.520419,0,0.0137598,0.214647,0.223256,0.023475,0.112254,0.187917,0.0747662,0.319875
76.458666667,0.197922,0.163332,0.085502,0.0134307,0.211402,0.0685671,0,0,2.45942,13.5439,9.81897,0.732904,0,0.0101801,0.200698,0.255103,0.031174,0.137706,0.202497,0.104602,0.305882,0.456293,0.052261,0.00577924,0.0273879,6.22465,19.1242,8.15477,0.103798,0.00711665,0.0336789,0.406189,0.370448,0.0870978,0.228454,0.119434,0.0365574,0.210093,0.238281,0.0174638,0,0.366032,8.1886,14.2442,3.50119,0.00245909,0,0.0549334,0.231833,0.0366235,0.0824934,0.13712,0.188313,0.106064,0.46676,0.158901,0.000427201,0,1.35612,14.0341,14.9529,1.79976,0,0,0.134606,0.467625,0.129719,0.175571,0.14017,0.0757089,0.0209654,0.202445,0.0539248,0,0.000208595,2.91785,13.7221,8.73735,0.502718,0,0.0126273,0.213103,0.225678,0.026896,0.119654,0.200642,0.0838817,0.326837
77.824000000,0.207743,0.165379,0.0961348,0.0120046,0.204539,0.068333,0,0,2.40294,13.276,9.61277,0.728807,0,0.0143033,0.207367,0.250856,0.0344752,0.141478,0.220394,0.126871,0.305643,0.458146,0.055281,0.00656664,0.0302662,6.14572,18.9615,8.04899,0.101865,0.00751444,0.0424366,0.416133,0.373503,0.0940438,0.234831,0.129849,0.0464881,0.201775,0.235964,0.0184683,0,0.361223,8.05988,14.0819,3.44709,0.00245909,0,0.0543796,0.230753,0.0322514,0.0873456,0.140064,0.21405,0.105221,0.467915,0.161315,0,0,1.34367,13.9536,14.8742,1.77243,0,0,0.140015,0.4748,0.130947,0.201722,0.145814,0.0898925,0.0209654,0.208619,0.0576428,0,0.000208595,2.88852,13.6115,8.64088,0.503371,0,0.0139513,0.212976,0.219055,0.0358129,0.130292,0.21801,0.10288,0.327092
79.189333333,0.220357,0.166948,0.101573,0.0120046,0.213215,0.0747433,0,0,2.39249,13.0562,9.53365,0.723087,0,0.0148634,0.207529,0.244674,0.0393097,0.146703,0.227457,0.135815,0.309632,0.473905,0.0662576,0.00660532,0.0225448,5.79718,18.6889,7.99605,0.106174,0.00785923,0.0436635,0.41851,0.374859,0.104634,0.243327,0.13272,0.0508481,0.19668,0.242486,0.02387,0,0.253238,7.74468,13.793,3.42928,0.00245909,0,0.0549719,0.231262,0.0322514,0.0916727,0.139125,0.222575,0.0836224,0.467461,0.174759,0.000650388,0,1.10702,13.5375,14.6899,1.7755,0,0,0.150084,0.481063,0.130714,0.21088,0.14686,0.0934216,0.0197482,0.204777,0.0623682,0,0.000208595,2.81769,13.2938,8.44464,0.495812,0,0.0183267,0.217919,0.213551,0.0392471,0.133736,0.224195,0.110569,0.32963
80.554666667,0.220357,0.166948,0.106651,0.0119679,0.21108,0.0733596,0,0,2.42423,12.942,9.32808,0.58652,0,0.0148634,0.209057,0.238837,0.0393097,0.146703,0.236881,0.147677,0.316862,0.474064,0.0676276,0.00660532,0.0413098,6.13954,18.6985,7.90022,0.0552982,0.00785923,0.0436635,0.423327,0.406878,0.104634,0.243327,0.138163,0.0555249,0.203857,0.238627,0.0244102,0,0.37875,7.85411,13.7411,3.39002,0.00245909,0,0.0549719,0.232574,0.0310685,0.0916727,0.148152,0.232465,0.110913,0.467583,0.168286,0.000650388,0,1.377,13.6767,14.5672,1.54991,0,8.02353e-05,0.153772,0.478949,0.110148,0.222471,0.146997,0.100065,0.0197482,0.211946,0.0631355,0,0.000208595,2.83986,13.0868,8.36462,0.382373,0,0.0189819,0.220042,0.208197,0.0449033,0.13788,0.233276,0.121948,0.332112
81.920000000,0.220357,0.166948,0.106651,0.0119679,0.218433,0.0739775,0,0,2.33423,12.9294,9.43797,0.739476,0,0.0148634,0.214804,0.250605,0.0393097,0.146703,0.236881,0.147677,0.318776,0.480504,0.0676276,0.00660532,0.0404621,6.26707,18.9362,8.05058,0.0932535,0.00785923,0.0436635,0.458436,0.404999,0.104634,0.243327,0.138163,0.0555249,0.194514,0.2407,0.0244102,0,0.39452,7.82581,13.8356,3.46171,0.000585582,0,0.0549719,0.231484,0.0310685,0.0916727,0.148152,0.232465,0.115391,0.463066,0.163659,0.000650388,0,1.36635,13.8407,14.6767,1.77539,0,8.02353e-05,0.145994,0.477649,0.13764,0.222471,0.146997,0.100065,0.0197117,0.209648,0.0611809,0,0.000208595,2.78978,13.1595,8.42403,0.476357,0,0.0189819,0.215366,0.215203,0.0449033,0.13788,0.233276,0.121948,0.338952
83.285333333,0.220357,0.166948,0.106651,0.0119679,0.233225,0.076491,0,0,2.28116,12.5348,9.18261,0.765733,0,0.0148634,0.220922,0.245738,0.0393097,0.146703,0.236881,0.147677,0.340404,0.515478,0.0676276,0.00660532,0.0437002,6.15422,18.5618,7.88627,0.101741,0.00785923,0.0436635,0.483218,0.420987,0.104634,0.243327,0.138163,0.0555249,0.212684,0.260996,0.0244102,0,0.391042,7.59621,13.4417,3.41269,0.00356584,0,0.0541893,0.223827,0.0310539,0.0916727,0.148152,0.232465,0.117169,0.493864,0.171418,0.000650388,0,1.33144,13.5532,14.4091,1.791,0,8.02353e-05,0.147311,0.491454,0.141672,0.222471,0.146997,0.100065,0.0197117,0.228779,0.0636233,0,0,2.71214,12.7123,8.22987,0.503577,0,0.0189819,0.22683,0.216613,0.0449033,0.13788,0.233276,0.121948,0.362273
84.650666667,0.217115,0.159469,0.106651,0.0119679,0.245543,0.0814843,0,0.000135607,2.21204,12.3638,9.02738,0.770258,0,0.0148634,0.228111,0.252895,0.0393097,0.142182,0.233085,0.147677,0.347065,0.54226,0.0676276,0.00660532,0.0441238,5.94463,18.2264,7.70056,0.105956,0.00785923,0.0436635,0.490038,0.423375,0.104634,0.243327,0.138163,0.0555249,0.216194,0.267924,0.0244102,0,0.394054,7.42281,13.1419,3.25848,0.00492079,0,0.0551948,0.23352,0.0310539,0.0916727,0.148152,0.232465,0.117357,0.504542,0.173309,0.000650388,0,1.28454,13.2873,14.1193,1.72102,0,8.02353e-05,0.143911,0.497468,0.143583,0.222471,0.146997,0.100065,0.0197117,0.238333,0.065374,0,0.00134216,2.67037,12.6142,8.14711,0.514328,0,0.0189819,0.231927,0.222064,0.0449033,0.13788,0.233276,0.121948,0.374991
86.016000000,0.217305,0.160054,0.106655,0.0119679,0.250307,0.0830711,0,0.000135607,2.14346,12.1285,8.82009,0.75719,0,0.0148634,0.221132,0.250565,0.0393097,0.142545,0.233336,0.147677,0.348381,0.547026,0.0676276,0.00660532,0.0441238,5.81084,17.9177,7.44568,0.106692,0.00741861,0.0436635,0.500286,0.422379,0.104634,0.236579,0.134048,0.0555249,0.218471,0.268358,0.0244102,0,0.370213,7.23471,12.8868,3.11964,0.00529809,0,0.0536647,0.237272,0.0310539,0.0903221,0.144525,0.232465,0.117357,0.511543,0.174696,0.000650388,0,1.21507,13.071,13.872,1.67328,0,8.02353e-05,0.141924,0.501655,0.143756,0.219251,0.140572,0.100065,0.0197117,0.242527,0.0673015,0,0.00147265,2.52058,12.2617,7.90281,0.502577,0,0.0189819,0.23177,0.223817,0.0449033,0.132973,0.2305,0.121948,0.372683
87.381333333,0.210976,0.148355,0.104684,0.0119679,0.254336,0.0864782,0,0.000135607,2.17922,12.1161,8.79997,0.743545,0,0.0148634,0.221565,0.252995,0.0391546,0.134531,0.22361,0.14768,0.351542,0.558357,0.0677462,0.00612075,0.0441238,5.74891,17.8054,7.36062,0.107315,0.00741861,0.0436635,0.492708,0.418299,0.104634,0.234727,0.130025,0.0555249,0.222793,0.274143,0.0244102,0,0.382507,7.21471,12.8093,3.05033,0.00529809,0,0.0545593,0.242903,0.0310539,0.0904934,0.139253,0.228288,0.117357,0.517038,0.174586,0.000650388,0,1.21658,12.9524,13.7057,1.61836,0,8.02353e-05,0.135879,0.503498,0.143756,0.21958,0.139221,0.0989218,0.0197117,0.246994,0.0689,0,0.00147265,2.52891,12.2337,7.87371,0.497963,0,0.0189819,0.23051,0.226415,0.0449033,0.13032,0.224121,0.121948,0.37455
88.746666667,0.199606,0.135558,0.104684,0.0119679,0.253591,0.0849911,0,0.000135607,2.14327,12.2819,8.91322,0.758783,0,0.0148634,0.238505,0.264572,0.0403702,0.137178,0.225076,0.14768,0.349554,0.551437,0.0678627,0.00612075,0.0442153,5.70502,17.8762,7.4089,0.11071,0.00694289,0.043766,0.501666,0.424088,0.10553,0.228931,0.128537,0.0555249,0.224003,0.270779,0.0244102,0,0.390254,7.39734,13.0682,3.14151,0.00529809,0,0.0529109,0.243534,0.0308316,0.0875107,0.135032,0.228288,0.117357,0.509269,0.167506,0.000650388,0,1.23589,12.9546,13.7452,1.62589,0,8.02353e-05,0.133276,0.506163,0.143336,0.213073,0.131255,0.0989218,0.0197117,0.245164,0.068029,0,0.00147265,2.5656,12.4761,7.99117,0.504338,0,0.0189819,0.24512,0.234507,0.0449033,0.13032,0.224121,0.121948,0.373841
90.112000000,0.178736,0.109715,0.102556,0.0132003,0.257732,0.0877309,0,0.000135607,2.18053,12.0005,8.63753,0.740615,0,0.0148634,0.243786,0.274079,0.044377,0.123286,0.21283,0.146837,0.352675,0.556271,0.068913,0.00605391,0.0442302,5.57252,17.0005,7.07637,0.103229,0.00595588,0.0447658,0.491858,0.410517,0.102606,0.205434,0.120669,0.0558347,0.224134,0.268557,0.0244102,0,0.392116,7.2279,12.5915,3.03537,0.00529809,0,0.0591774,0.250469,0.0289005,0.0842837,0.125357,0.222907,0.119111,0.511209,0.164894,0.000650388,0,1.25775,12.5198,13.2912,1.57507,0,8.02353e-05,0.139147,0.508746,0.136526,0.201046,0.116452,0.0975197,0.0206994,0.24866,0.0692176,0,0.00147265,2.5623,12.2682,7.8489,0.499535,0,0.0189819,0.249617,0.240555,0.0458966,0.125476,0.21662,0.121711,0.376025
91.477333333,0.152532,0.0934847,0.0968249,0.0165734,0.263236,0.0899637,0,0.000135607,2.18515,11.8316,8.46307,0.701001,0,0.0148634,0.241041,0.26479,0.0415989,0.117062,0.190073,0.139903,0.361871,0.565092,0.0695211,0.00541334,0.043061,5.4905,16.7247,6.88854,0.100365,0.0066486,0.0427323,0.491155,0.403833,0.0983606,0.171684,0.107426,0.0584053,0.232109,0.27308,0.0242412,0,0.395064,7.11545,12.2913,2.95468,0.00495282,0,0.058375,0.247099,0.0261731,0.0740734,0.0987481,0.204365,0.126331,0.523044,0.16972,0.000650388,0,1.22595,12.0966,12.7904,1.48639,0,8.02353e-05,0.134776,0.496669,0.131037,0.174606,0.0868933,0.090479,0.0243202,0.255128,0.0721059,0,0.00147265,2.49782,11.7934,7.53549,0.486292,0,0.0189819,0.250521,0.24154,0.0458678,0.11029,0.189438,0.118886,0.383552
92.842666667,0.129318,0.0840874,0.0982396,0.0125026,0.249437,0.0836307,0,0.000135607,2.24668,11.9024,8.52797,0.712834,0,0.0147175,0.242126,0.263812,0.0445762,0.0943964,0.19179,0.140498,0.335555,0.541117,0.0642821,0.00569271,0.0430923,5.47604,16.6375,6.87891,0.105791,0.00529263,0.0422585,0.491083,0.394717,0.0894001,0.165867,0.110702,0.0586546,0.217607,0.263278,0.023221,0,0.400294,7.19289,12.3307,2.9673,0.00498785,0,0.0615024,0.250543,0.0289895,0.0739097,0.10801,0.201845,0.113267,0.495113,0.158346,0.000650388,0,1.21971,12.1366,12.856,1.49274,0,8.02353e-05,0.139423,0.493468,0.13031,0.163033,0.092229,0.0914445,0.0201678,0.246281,0.0685071,0,0.00147265,2.59374,12.013,7.71246,0.488194,0,0.0187461,0.251101,0.241529,0.0482668,0.112345,0.197898,0.116391,0.360175
94.208000000,0.118756,0.082062,0.0836494,0.0148751,0.251838,0.087934,0,0.000135607,2.26176,11.9022,8.66391,0.722405,0,0.0144158,0.239205,0.259984,0.0474684,0.0900132,0.152469,0.119291,0.326204,0.540758,0.0658586,0.00450289,0.0431573,5.41295,16.4759,6.86652,0.10927,0.00488237,0.040141,0.480417,0.379949,0.0783346,0.137601,0.087746,0.0533998,0.215389,0.264176,0.0229373,0,0.411948,7.17042,12.3178,3.01751,0.00498785,0,0.0590869,0.240867,0.0295197,0.0608107,0.0843899,0.158074,0.111376,0.48343,0.160454,0.000650388,0,1.21617,11.9582,12.6678,1.51009,0,8.02353e-05,0.135266,0.474372,0.128489,0.135391,0.0741612,0.0714233,0.0204109,0.240177,0.0688177,0,0.00147265,2.60015,11.8699,7.66209,0.491162,0,0.0189482,0.252414,0.240279,0.0483512,0.0902261,0.152959,0.0998242,0.347935
95.573333333,0.0895118,0.0677845,0.0694964,0.0165052,0.243185,0.0861444,0,0.000135607,2.28018,11.8874,8.65594,0.728089,0,0.0143961,0.24262,0.271955,0.0476724,0.0758371,0.13076,0.102074,0.319109,0.53008,0.0638198,0.00396159,0.0409117,5.39317,16.3322,6.79799,0.114946,0.00477089,0.0388014,0.473624,0.375589,0.0742639,0.136414,0.0754404,0.0503929,0.216012,0.260736,0.0216384,0,0.416377,7.29941,12.3866,3.01979,0.00498785,0,0.0598169,0.244197,0.0338462,0.0630662,0.0769614,0.131535,0.107518,0.466513,0.157499,0.000650388,0,1.22687,11.9719,12.6329,1.51651,0,8.02353e-05,0.132786,0.462807,0.127645,0.127861,0.07268,0.0637145,0.0234823,0.241384,0.0700078,0,0.00147265,2.66949,12.1099,7.85469,0.498745,0,0.0178132,0.248713,0.242901,0.0491903,0.0910147,0.131669,0.0869699,0.337527
96.938666667,0.0946724,0.0756385,0.071122,0.02248,0.245913,0.0866653,0,0.000135607,2.3362,12.0286,8.87201,0.757131,0,0.0131985,0.236717,0.266224,0.0423338,0.0641345,0.129347,0.0988599,0.315693,0.524137,0.0627593,0.0039243,0.0405331,5.51307,16.6294,6.93832,0.112511,0.00417842,0.0373202,0.466773,0.375952,0.0559817,0.111527,0.072722,0.0460148,0.211553,0.253728,0.0202069,0,0.417802,7.26037,12.4365,3.0764,0.00498785,0,0.0584805,0.237718,0.0371478,0.0483561,0.0761219,0.121207,0.108346,0.451851,0.154116,0.000650388,0,1.22929,12.071,12.7915,1.61404,0,8.02353e-05,0.141053,0.492522,0.142595,0.127861,0.0746652,0.0593547,0.0258465,0.235472,0.0685777,0,0.00147265,2.64532,12.0523,7.91652,0.518853,0,0.017625,0.247308,0.241624,0.0435522,0.077557,0.132256,0.0819545,0.336516
98.304000000,0.0668887,0.0669848,0.055215,0.0247478,0.238376,0.0852486,0,0.000135607,2.3279,11.7945,8.77649,0.792615,0,0.0084095,0.214997,0.242863,0.0342961,0.0500383,0.109462,0.0770212,0.318563,0.520347,0.0624666,0.00276266,0.037302,5.53852,16.4584,6.94461,0.11024,0.00358559,0.0334769,0.457114,0.372522,0.0418668,0.0959568,0.0602719,0.0360525,0.215016,0.247288,0.0181802,0,0.393011,7.21047,12.3109,3.11976,0.00498785,0,0.0579717,0.242322,0.0451363,0.0410138,0.0714422,0.0923421,0.119955,0.444684,0.152706,0.000650388,0,1.30683,12.1044,12.7568,1.6996,0,8.02353e-05,0.139346,0.486978,0.151216,0.107208,0.0704246,0.0477624,0.0334948,0.240355,0.0703427,0,0.00147265,2.6856,11.9607,7.90823,0.523873,0,0.0141785,0.228938,0.220008,0.0356407,0.063682,0.110393,0.0630955,0.333666
99.669333333,0.0553342,0.0655835,0.0477938,0.0303377,0.243332,0.0850176,0,0.000135607,2.37185,11.815,8.9076,0.81361,0,0.00687722,0.210075,0.248643,0.0304773,0.0451394,0.0957522,0.0588486,0.315904,0.508636,0.0573389,0.00225095,0.0350667,5.58268,16.3533,7.02262,0.109517,0.00313401,0.0346267,0.457444,0.37866,0.0334113,0.0882654,0.0522342,0.0279502,0.214684,0.242248,0.0159588,0,0.401895,7.20631,12.2849,3.18594,0.00498785,0,0.05752,0.236447,0.0475983,0.0349597,0.0708457,0.0708629,0.12894,0.433929,0.145971,0.000650388,0,1.37597,12.0243,12.7298,1.75394,0,8.02353e-05,0.134133,0.477319,0.156888,0.0790557,0.0647885,0.035865,0.0357614,0.232463,0.0662571,0,0.00147265,2.6979,11.848,7.94845,0.545383,0,0.0105311,0.219763,0.223284,0.0274825,0.0562388,0.0981353,0.0477244,0.33619
101.034666667,0.0427205,0.0640151,0.0415859,0.0303377,0.238533,0.0852177,0,0.000135607,2.26978,11.7827,8.86672,0.828675,0,0.0101203,0.213564,0.251555,0.0256428,0.0399146,0.0872693,0.0482186,0.31381,0.504935,0.0585896,0.00221227,0.0339359,5.63739,16.2337,7.05856,0.105209,0.00278923,0.041575,0.461369,0.381166,0.0228209,0.079769,0.0483976,0.0227191,0.226955,0.242035,0.0157206,0,0.446264,7.3424,12.3495,3.23687,0.00498785,0,0.0628512,0.244506,0.0534059,0.0298473,0.0707202,0.0603114,0.141624,0.429452,0.143539,0,0,1.4907,12.0998,12.7248,1.82518,0,8.02353e-05,0.130959,0.467887,0.164918,0.0680363,0.0634183,0.0312891,0.0415716,0.239765,0.0693164,0,0.00147265,2.80413,11.9709,8.04526,0.572621,0,0.0110498,0.219498,0.224924,0.0232579,0.051673,0.0906504,0.038404,0.33668
102.400000000,0.0427205,0.0640151,0.0365081,0.0342473,0.247739,0.0909111,0,0.000135607,2.34709,11.7991,8.98423,0.857358,0,0.0152091,0.218244,0.264615,0.0256428,0.0399146,0.0778452,0.0363566,0.311684,0.507784,0.0662878,0.00221227,0.0151709,5.4849,16.1337,7.09334,0.105209,0.00278923,0.0534203,0.468326,0.380822,0.0228209,0.079769,0.0429552,0.0180423,0.224346,0.242336,0.0183532,0,0.330513,7.18283,12.31,3.24887,0.00498785,0,0.0691461,0.241098,0.0534059,0.0298473,0.0616934,0.0504212,0.118872,0.432179,0.151119,0,0,1.25082,11.7454,12.6944,1.88295,0,0,0.138509,0.466163,0.171465,0.0564447,0.0632805,0.0246456,0.0415716,0.236741,0.0733529,0,0.00147265,2.62983,11.8981,8.04346,0.592213,0,0.0141969,0.221881,0.237773,0.0176017,0.0475288,0.0815699,0.027025,0.336818
103.765333333,0.0427205,0.0640151,0.0365081,0.0342473,0.240786,0.0930756,0,0.000135607,2.32957,11.6753,8.7918,0.791219,0,0.0152091,0.215819,0.262567,0.0256428,0.0399146,0.0778452,0.0363566,0.312574,0.507247,0.0773589,0.00221227,0.0151709,5.44826,15.943,6.95386,0.107897,0.00278923,0.0534203,0.465965,0.379468,0.0228209,0.079769,0.0429552,0.0180423,0.232592,0.242756,0.0239193,0,0.394189,7.33167,12.2417,3.16793,0.00498785,0,0.0691461,0.248618,0.0568336,0.0298473,0.0616934,0.0504212,0.142643,0.440568,0.154821,0,0,1.44624,11.8835,12.5139,1.77733,0,0,0.138509,0.461383,0.166216,0.0564447,0.0632805,0.0246456,0.0453511,0.24566,0.0812121,0,0.00147265,2.76317,11.9461,8.02104,0.587715,0,0.0182207,0.223677,0.234945,0.0176017,0.0475288,0.0815699,0.027025,0.334286
105.130666667,0.0427205,0.0640151,0.0365081,0.0342473,0.242278,0.0926886,0,0.000135607,2.28029,11.701,8.83625,0.760933,0,0.0152091,0.206324,0.2659,0.0256428,0.0399146,0.0778452,0.0363566,0.311758,0.507813,0.0773589,0.00221227,0.0119327,5.2894,15.8398,6.94785,0.0976649,0.00278923,0.0534203,0.448919,0.373687,0.0228209,0.079769,0.0429552,0.0180423,0.22295,0.2387,0.0239193,0,0.391696,7.22241,12.2235,3.11588,0.00176729,0,0.0691461,0.259572,0.0568336,0.0298473,0.0616934,0.0504212,0.142837,0.442499,0.154206,0,0,1.44009,11.75,12.4926,1.71442,0,0,0.138333,0.458334,0.162037,0.0564447,0.0632805,0.0246456,0.0453511,0.2403,0.0787697,0,0.00147265,2.73383,11.9029,7.96737,0.54431,0,0.0182207,0.219354,0.242508,0.0176017,0.0475288,0.0815699,0.027025,0.335881
106.496000000,0.0427205,0.0640151,0.0365081,0.0342473,0.232486,0.0866383,0,0.000293547,2.25381,11.3196,8.42777,0.727235,0,0.0152091,0.197294,0.253565,0.0256428,0.0399146,0.0778452,0.0363566,0.312154,0.489408,0.0773589,0.00221227,0.0115092,5.26854,15.4185,6.74669,0.0986346,0.00278923,0.0534203,0.438891,0.366679,0.0228209,0.079769,0.0429552,0.0180423,0.222833,0.236049,0.0239193,0,0.385868,7.16462,11.9634,3.07144,0.00154956,0,0.0679305,0.249805,0.0568336,0.0298473,0.0616934,0.0504212,0.142649,0.443024,0.153402,0,0,1.38142,11.4608,12.1112,1.70913,0,0,0.129979,0.425208,0.161667,0.0564447,0.0632805,0.0246456,0.0453511,0.237215,0.0777584,0,0.000130489,2.63504,11.5174,7.64776,0.537721,0,0.0182207,0.210371,0.22985,0.0176017,0.0475288,0.0815699,0.027025,0.329089
107.861333333,0.0425304,0.0634299,0.0365037,0.0342473,0.227702,0.0833341,0,0.000293547,2.23388,11.1801,8.387,0.723313,0,0.0152091,0.195658,0.253861,0.0256428,0.0395525,0.0775939,0.0363566,0.30733,0.478234,0.0773589,0.00221227,0.0128249,5.17802,15.211,6.71402,0.0978986,0.00270918,0.0534203,0.425346,0.36755,0.0228209,0.0788203,0.0426043,0.0180423,0.215473,0.227017,0.0239193,0,0.385453,7.01479,11.7151,3.01699,0.00117226,0,0.0668326,0.243303,0.0568336,0.0298473,0.0616934,0.0504212,0.142999,0.429063,0.14433,0,0,1.40119,11.3184,11.9487,1.66913,0,0,0.128989,0.424822,0.161494,0.0564447,0.0632805,0.0246456,0.0453511,0.228132,0.0722918,0,0.000288059,2.67269,11.4435,7.59924,0.51812,0,0.0182207,0.207532,0.229384,0.0176017,0.0475288,0.0815699,0.027025,0.328917
109.226666667,0.0425304,0.0630414,0.0362133,0.0342473,0.220938,0.0760982,0,0.000293547,2.16067,10.7773,8.04537,0.689189,0,0.0152091,0.190254,0.249298,0.0256428,0.0392886,0.0766068,0.0363532,0.307486,0.464256,0.0772403,0.00215949,0.0128249,5.0639,14.7867,6.50789,0.0988377,0.00270918,0.0534203,0.419354,0.364974,0.0228209,0.078512,0.0420482,0.0180423,0.210958,0.219146,0.0239193,0,0.372208,6.80631,11.3768,2.91603,0.00181151,0,0.0631951,0.234765,0.0568336,0.029676,0.0605545,0.0500366,0.142999,0.421203,0.138192,0,0,1.34959,11.0364,11.6662,1.63066,0,0,0.121639,0.414267,0.161814,0.0561162,0.0621856,0.024489,0.0453511,0.224861,0.069809,0,0.000288059,2.56925,11.1055,7.38326,0.509055,0,0.0182207,0.200743,0.223662,0.0176017,0.0467212,0.0804633,0.027025,0.325642
110.592000000,0.040668,0.0596386,0.0362133,0.0342473,0.218108,0.0745646,0,0.000293547,2.12269,10.4177,7.77848,0.678021,0,0.0152091,0.180837,0.241788,0.0244272,0.0366413,0.0751405,0.0363532,0.309946,0.454337,0.0748506,0.00215949,0.0127333,4.99702,14.353,6.31438,0.0871155,0.00246093,0.0533178,0.402905,0.359277,0.0217821,0.0738924,0.0408146,0.0180423,0.206444,0.210805,0.0239193,0,0.359502,6.56432,10.9202,2.79236,0.00181151,0,0.0607474,0.229893,0.0568336,0.029676,0.0605545,0.0500366,0.142999,0.418687,0.133651,0,0,1.32384,10.7577,11.314,1.59347,0,0,0.116931,0.40827,0.161814,0.0561162,0.0621856,0.024489,0.0453511,0.219818,0.0644011,0,0.000288059,2.50535,10.7096,7.09355,0.487683,0,0.0182207,0.194815,0.220264,0.0176017,0.0467212,0.0804633,0.027025,0.325789
111.957333333,0.0407755,0.0580788,0.0346382,0.032798,0.209341,0.0665184,0,0.000293547,2.08409,10.2308,7.67481,0.668978,0,0.0152091,0.173821,0.224367,0.0177951,0.0366171,0.0707789,0.0355764,0.308525,0.439079,0.0710912,0.0019752,0.0113556,4.9367,14.4596,6.33314,0.0893427,0.00247239,0.051551,0.410434,0.361757,0.0217829,0.0735967,0.0388967,0.0176151,0.204183,0.20497,0.0239193,0,0.36188,6.42676,10.8406,2.77864,0.00181151,0,0.0545499,0.220701,0.0553522,0.0283929,0.0562109,0.0482195,0.14082,0.408984,0.128972,0,0,1.28707,10.7145,11.2857,1.58745,0,0,0.109877,0.400245,0.159633,0.0540965,0.0581688,0.0235914,0.0442045,0.214549,0.0617114,0,0.000288059,2.42954,10.4461,6.96297,0.489815,0,0.0182207,0.183484,0.212094,0.0164889,0.0437036,0.0748938,0.02641,0.323896
113.322666667,0.0265626,0.0375599,0.0346992,0.0273686,0.201467,0.0640544,0,0.000293547,2.03571,9.83565,7.37371,0.670127,0,0.0152091,0.170821,0.216428,0.0160293,0.0214559,0.0670286,0.035601,0.288829,0.425429,0.0680756,0.00198185,0.0123182,4.85613,13.9699,6.15588,0.0905575,0.00107248,0.0518083,0.399974,0.34533,0.0214255,0.0736092,0.0389985,0.0146156,0.189872,0.198548,0.0238736,0,0.363645,6.23259,10.424,2.69421,0.00181151,0,0.0518568,0.210986,0.0486738,0.0283929,0.0563505,0.0483391,0.124939,0.385022,0.120034,0,0,1.31133,10.5334,11.0403,1.56588,0,0,0.107545,0.387165,0.147152,0.0542183,0.058384,0.0236257,0.0361267,0.202909,0.0567845,0,0.000288059,2.43388,10.2301,6.81474,0.488236,0,0.0182207,0.180427,0.202758,0.0140835,0.0438746,0.0751706,0.0257628,0.305297
114.688000000,0.024802,0.0277434,0.0192748,0.0280523,0.203719,0.0657093,0,0.000293547,1.91547,9.28149,6.9619,0.625809,0,0.0151811,0.165479,0.202156,0.0124998,0.0203597,0.0337161,0.0236104,0.292129,0.432309,0.0693547,0.00113605,0.0117123,4.65644,13.3147,5.90564,0.0874599,0.00121292,0.0498292,0.384972,0.330536,0.0170019,0.0410425,0.0186852,0.0125586,0.192536,0.202227,0.0238736,0,0.357181,5.89953,9.92273,2.58444,0.00177647,0,0.0464866,0.199799,0.0414992,0.0166794,0.0237779,0.0256988,0.12706,0.391928,0.124996,0,0,1.27047,9.98142,10.5077,1.50311,0,0,0.0998072,0.366093,0.133496,0.0288805,0.0248395,0.0146996,0.0370259,0.205754,0.0587071,0,0.000288059,2.26879,9.58584,6.41538,0.47749,0,0.0181836,0.174903,0.190607,0.0112645,0.0248461,0.0384062,0.0189817,0.309182
116.053333333,0.00924753,0.0150605,0.0207605,0.0236217,0.192627,0.0595403,0,0.000293547,1.82259,8.77553,6.52351,0.589277,0,0.0145786,0.159009,0.187226,0.00829181,0.00683518,0.0353899,0.0249756,0.277399,0.41407,0.0645954,0.00115914,0.00789332,4.47794,12.6853,5.64175,0.0863292,0.00104293,0.0475908,0.37055,0.311195,0.0165995,0.0378407,0.0206773,0.0110895,0.181424,0.192842,0.0227699,0,0.339436,5.64781,9.40596,2.43361,0.00198661,0,0.0442279,0.192234,0.0364748,0.0164413,0.0259284,0.0289067,0.117979,0.374621,0.116549,0,0,1.23127,9.55756,10.0302,1.42332,0,0,0.0942069,0.347737,0.12202,0.0283419,0.0255398,0.015739,0.0330853,0.198339,0.0552434,0,0.000288059,2.18954,9.18919,6.13212,0.449497,0,0.0173661,0.167883,0.177466,0.00877846,0.0242356,0.0423757,0.0201499,0.294757
117.418666667,0.00993131,0.0148051,0.0191431,0.0199555,0.182797,0.0556047,0,0.000293547,1.73099,8.31599,6.13192,0.545325,0,0.0130618,0.144822,0.160925,0.00486689,0.00722883,0.031725,0.0230073,0.258074,0.394314,0.0596889,0.00105886,0.0079643,4.29004,12.1019,5.3885,0.0793131,0.000433266,0.0447113,0.355039,0.291503,0.00806568,0.0145391,0.0176046,0.00816005,0.164797,0.182764,0.0215854,0,0.310778,5.25655,8.81185,2.3004,0.00198661,0,0.0409101,0.178441,0.0304616,0.00590905,0.0184401,0.0260107,0.108603,0.354959,0.108909,0,0,1.16027,9.01119,9.46604,1.33551,0,0,0.0890241,0.326881,0.111352,0.0113372,0.0138456,0.013858,0.0275544,0.186279,0.050641,0,0.000288059,2.02872,8.50176,5.67565,0.412225,0,0.0165282,0.15961,0.158402,0.00359352,0.00803004,0.0361897,0.0187411,0.276298
118.784000000,0.00477067,0.00703967,0.00682485,0.0150412,0.168637,0.0515041,0,0.000293547,1.58849,7.81919,5.7658,0.5342,0,0.0115704,0.135817,0.149483,0.00519272,0.00371918,0.0130407,0.0087813,0.24069,0.374317,0.0549273,0.000315784,0.00556998,4.02039,11.4476,5.09377,0.0811982,0.000433266,0.0391283,0.329396,0.263303,0.00806568,0.0145391,0.00762501,0.00520669,0.155475,0.176499,0.0205988,0,0.284055,4.97849,8.37302,2.18929,0.00198661,0,0.035838,0.164752,0.0256287,0.00621016,0.00983808,0.0117231,0.100471,0.340194,0.104067,0,0,1.10391,8.66654,9.07684,1.27246,0,0,0.0807579,0.304992,0.101274,0.0119891,0.0105393,0.00512923,0.0236688,0.176603,0.0477199,0,0.000288059,1.9535,8.21827,5.44528,0.403787,0,0.0148704,0.149417,0.146815,0.00475973,0.0084653,0.014267,0.0078008,0.256703
120.149333333,0.00477899,0.00704355,0.00682485,0.0129606,0.154779,0.0466353,0,0.000293547,1.52535,7.4714,5.43343,0.459884,0,0.01164,0.137323,0.154417,0.00519379,0.0037235,0.0130407,0.0087813,0.213778,0.342088,0.0467305,0.000315784,0.00572937,3.76732,10.7679,4.74413,0.0804388,0.000179417,0.0319927,0.301197,0.239404,0.00316191,0.0080858,0.00762501,0.00517597,0.136784,0.163784,0.0184605,0,0.290027,4.74004,7.93279,2.01898,0.00198661,0,0.0301354,0.144674,0.0186905,0.00205422,0.0082778,0.0117231,0.0835008,0.308191,0.0943751,0,0,0.998311,8.06381,8.48465,1.13158,0,0,0.0720672,0.272944,0.0831152,0.00530214,0.00626421,0.00512923,0.0172103,0.1576,0.0416145,0,0.000288059,1.82242,7.77072,5.12527,0.369177,0,0.0150657,0.151236,0.150973,0.00475973,0.0084653,0.014267,0.0078008,0.233347
121.514666667,0.00477899,0.00594994,0.00232386,0.00781639,0.133968,0.0400003,0,0.000293547,1.40269,6.77629,4.88347,0.414038,0,0.00947633,0.123664,0.132805,0.00514191,0.0037235,0.00725468,0.00267636,0.191051,0.309068,0.0378091,4.03712e-05,0.00547531,3.42314,9.85705,4.31417,0.0801622,0.000179417,0.0220851,0.258626,0.202088,0.00316191,0.00808618,0.00387661,0.00281259,0.120344,0.14592,0.0143206,0,0.266893,4.34955,7.22556,1.82108,0.00198661,0,0.024559,0.130359,0.0176081,0.00205796,0.00539607,0.00523411,0.0716462,0.279125,0.0849648,0,0,0.891282,7.43197,7.78806,1.04137,0,0,0.0609996,0.241283,0.0723186,0.00530974,0.00582514,0.00191719,0.0151515,0.144173,0.0369303,0,0.000288059,1.7163,7.2121,4.68952,0.323656,0,0.0130088,0.138818,0.132528,0.00334485,0.00397328,0.0076346,0.00242291,0.207199
122.880000000,0.00477899,0.00594994,0.00232386,0.00781639,0.116528,0.0344511,0,0.000293547,1.2769,6.1572,4.46636,0.383182,0,0.00595232,0.105155,0.11442,0.00548491,0.0037235,0.00725468,0.00267636,0.16432,0.269505,0.0279707,4.03712e-05,0.00560552,3.10687,8.97747,3.93176,0.080956,0.000179417,0.0157711,0.22531,0.177366,0.00316191,0.00808618,0.00387661,0.00286743,0.0956043,0.123664,0.00972405,0,0.227359,3.87545,6.49969,1.63652,0.00198661,0,0.0197808,0.108149,0.0119762,0.00205796,0.00539607,0.00523411,0.0595416,0.247348,0.0761411,0,0,0.792359,6.75914,7.12371,0.931307,0,0,0.0553281,0.212463,0.0611349,0.00530974,0.00582514,0.00191719,0.00970165,0.121599,0.0302928,0,0.000288059,1.52846,6.46901,4.21632,0.285178,0,0.00871008,0.119658,0.114719,0.00369554,0.00397328,0.0076346,0.00242291,0.181983
124.245333333,0.00477899,0.00594994,0.00232386,0.00390672,0.0901602,0.0281713,0,0.000293547,1.02952,5.42327,3.96557,0.357126,0,0.00104779,0.0820776,0.0892905,0.00553291,0.0037235,0.00725468,0.00267636,0.134595,0.225476,0.0189025,4.03712e-05,0.00560552,2.61893,8.08564,3.61704,0.08108,0.000179417,0.00484967,0.18436,0.15109,0.00316191,0.00808618,0.00387661,0.00286743,0.079818,0.106927,0.00655121,0,0.20271,3.48488,5.82945,1.52743,0.00198661,0,0.0140127,0.0915343,0.0123205,0.00205796,0.00539607,0.00523411,0.0517834,0.21015,0.0674191,0,0,0.743017,6.17938,6.50705,0.8859,0,0,0.0450778,0.180776,0.0550417,0.00530974,0.00582514,0.00191719,0.00970165,0.102169,0.0254891,0,0.000288059,1.41003,5.84035,3.81195,0.267655,0,0.00515963,0.0995588,0.0906483,0.00374621,0.00397328,0.0076346,0.00242291,0.151154
125.610666667,0.00477899,0.00594994,0.00232386,0.00401392,0.0769606,0.023562,0,0.000293547,0.963506,4.90355,3.52629,0.235385,0,0.00104779,0.0716957,0.076617,0.00553291,0.0037235,0.00725468,0.00267636,0.110996,0.188362,0.0088511,4.03712e-05,0.00597994,2.40689,7.2924,3.08,0.0295921,0.000179417,0.00561254,0.157837,0.129308,0.00316191,0.00808618,0.00387661,0.00286743,0.0626041,0.0852363,0.00124807,0,0.129407,3.0426,5.21768,1.302,0.00198661,0,0.0143458,0.0716774,0.00889276,0.00205796,0.00539607,0.00523411,0.0240214,0.174717,0.0580994,0,0,0.511118,5.47019,5.79966,0.66278,0,0,0.0458289,0.157407,0.0303006,0.00530974,0.00582514,0.00191719,0.00592213,0.0790318,0.0180952,0,0.000288059,1.15669,5.17739,3.31318,0.160886,0,0.00131804,0.0836223,0.0769389,0.00374621,0.00397328,0.0076346,0.00242291,0.127435
126.976000000,0.00477899,0.00594994,0.00232386,0.00401392,0.0624739,0.0216811,0,0.000701952,0.856279,4.28764,3.08012,0.231191,0,0.00104779,0.0602072,0.0638808,0.00562584,0.0037235,0.00725468,0.00267636,0.0941386,0.158283,0.00952319,0.000208753,0.00634292,2.17289,6.4824,2.73731,0.0316496,0.000179417,0.00561254,0.1384,0.113469,0.00316191,0.00808618,0.00387661,0.00301061,0.0555193,0.0706326,0.00144502,0,0.123617,2.75594,4.6253,1.16216,0.00205875,0,0.0143458,0.0629184,0.00898154,0.00205796,0.00539607,0.00523411,0.02528,0.145871,0.0514244,0,0,0.486917,4.9343,5.16562,0.643546,0,0,0.0402346,0.134973,0.0332701,0.00530974,0.00582514,0.00191719,0.0060171,0.0676205,0.0184156,0,0.000288059,1.05219,4.65584,2.95641,0.170979,0,0.00131804,0.0696481,0.061428,0.00387563,0.00397328,0.0076346,0.00242291,0.10704
128.341333333,0.00477899,0.00594994,0.00232386,0.00401392,0.0539435,0.0199867,0,0.000441627,0.758609,3.91499,2.90976,0.211017,0,0.00104779,0.0493558,0.0580434,0.00562584,0.0037235,0.00725468,0.00267636,0.080563,0.139172,0.00952319,0.000208753,0.00663075,1.93718,6.01626,2.54619,0.0269463,0.000179417,0.00561254,0.116769,0.1015,0.00316191,0.00808618,0.00393285,0.00307638,0.0450447,0.0587935,0.00144502,0.000564855,0.113728,2.39409,4.18525,1.04937,0.000924198,0,0.012887,0.0528882,0.00898154,0.00205796,0.00539607,0.00523411,0.02571,0.124165,0.0442944,0,0.000202847,0.484918,4.55179,4.84502,0.573172,0,0,0.0404027,0.137745,0.032026,0.00530974,0.00582514,0.00191719,0.0060171,0.0568447,0.0167984,3.01876e-05,0.000821219,0.95289,4.20581,2.75185,0.15196,0,0.00131804,0.0580659,0.0551518,0.00387563,0.00397328,0.0076346,0.00242291,0.0947475
129.706666667,0.00477899,0.00594994,0.00232386,0.00401392,0.045265,0.016679,0,0.000442408,0.657884,3.41628,2.51408,0.186179,0.00047963,0.00104779,0.0383982,0.0490074,0.00565814,0.00375109,0.00725468,0.00267636,0.0727219,0.119295,0.00952319,0.000208753,0.00545407,1.74128,5.36078,2.2623,0.0273328,0.000342575,0.00561254,0.0995989,0.0896132,0.00316191,0.00808618,0.00393285,0.00311794,0.039969,0.0494978,0.00144502,0.000564855,0.10393,2.13214,3.70884,0.933471,0.00140774,6.19137e-05,0.011525,0.0455848,0.00898154,0.00205796,0.00539607,0.00523411,0.0254927,0.109173,0.0401942,0,0.000203212,0.42965,4.05875,4.33766,0.534597,0.000170637,3.42176e-07,0.0341011,0.116535,0.0321181,0.00530974,0.00582514,0.00191719,0.0060171,0.04923,0.0153382,3.01876e-05,0.000599336,0.812132,3.67218,2.40364,0.141949,0.000573333,0.00131804,0.0465597,0.0456633,0.00392025,0.0040114,0.0076346,0.00242291,0.0825835
131.072000000,0.00477899,0.00594994,0.00232386,0.00401392,0.0390022,0.0139394,0,0.000442408,0.556876,2.98954,2.21152,0.168945,0.00047963,0.00104779,0.0314186,0.0452032,0.00567706,0.00375109,0.00725468,0.00267636,0.0644023,0.10111,0.00952319,0.000208753,0.00560077,1.53875,4.76476,2.03993,0.0260341,0.000342575,0.00561254,0.0847381,0.0834977,0.00316191,0.00808618,0.00393285,0.00311794,0.0339386,0.0384687,0.00144502,0.000564855,0.0860977,1.84606,3.23399,0.815122,0.000854662,6.19137e-05,0.00920601,0.0393098,0.00898154,0.00205796,0.00539607,0.00523411,0.0255528,0.0938327,0.033122,0,0.000203212,0.395473,3.61478,3.85969,0.480553,0.000170637,3.42176e-07,0.0301062,0.101483,0.0318365,0.00530974,0.00582514,0.00191719,0.0060171,0.0413394,0.0123925,3.01876e-05,0.000599336,0.720057,3.25111,2.12519,0.123238,0.000573333,0.00131804,0.0379844,0.040988,0.00394868,0.0040114,0.0076346,0.00242291,0.0751658
132.437333333,0.00477899,0.00594994,0.00232386,0.00401392,0.0338524,0.0102426,0,0.000471572,0.477152,2.57367,1.87786,0.140556,0.00047963,0.00104779,0.0240613,0.0411985,0.00567706,0.00375109,0.00725468,0.00267636,0.0610097,0.0870413,0.00946906,0.000208753,0.00560077,1.36659,4.1665,1.7762,0.0259058,0.000342575,0.00561254,0.0725015,0.0778958,0.00316191,0.00808618,0.00393285,0.00311794,0.0307353,0.0308577,0.00144502,0.000564855,0.0781258,1.59172,2.79137,0.690904,0.00094784,6.19137e-05,0.00743826,0.0352249,0.00898154,0.00205796,0.00539607,0.00523411,0.0256334,0.0819357,0.0262618,0,0.000203212,0.348512,3.15511,3.36505,0.418694,0.000170637,3.42176e-07,0.0246557,0.089161,0.0318904,0.00530974,0.00582514,0.00191719,0.0060171,0.0365741,0.0103206,3.01876e-05,0.000707429,0.598827,2.79825,1.82102,0.107882,0.000573333,0.00131804,0.0295405,0.036384,0.00394868,0.0040114,0.0076346,0.00242291,0.0687818
133.802666667,0.00467153,0.00575802,0.00232386,0.00401392,0.0301859,0.00826406,0,0.000475568,0.383028,2.16172,1.60204,0.129009,0.00047963,0.00104779,0.0190117,0.0390685,0.00567706,0.00363332,0.00720491,0.00267636,0.0580966,0.0741267,0.00902264,0.000208753,0.00543263,1.18693,3.58889,1.55177,0.0236786,0.000331112,0.00557785,0.0631506,0.0755354,0.00316111,0.00786559,0.00387566,0.00312273,0.0281069,0.0242324,0.00144502,0.000564855,0.0635726,1.33189,2.35646,0.576279,0.00094784,6.19137e-05,0.00508994,0.031917,0.00898154,0.00200353,0.00531882,0.00523411,0.0256334,0.0735974,0.0194528,0,0.000211325,0.307039,2.74327,2.90612,0.37212,0.000170637,3.42176e-07,0.0188245,0.0787748,0.0318904,0.00530974,0.00582514,0.00191719,0.0060171,0.0323733,0.0073168,3.01876e-05,0.000732578,0.503384,2.39352,1.54249,0.0930816,0.000573333,0.00131804,0.0232594,0.0337402,0.00394868,0.0040114,0.0076346,0.00242291,0.0659544
135.168000000,0.00467153,0.00569562,0.00226286,0.00401392,0.0274897,0.00562762,4.25197e-08,0.000479417,0.333411,1.85459,1.37116,0.106786,0.00047963,0.00104779,0.0150489,0.0356979,0.00496428,0.0036085,0.00698966,0.00265176,0.0570435,0.064872,0.00795921,0.0002021,0.00447006,1.04676,3.07997,1.35054,0.0170266,0.000331112,0.00532056,0.0553,0.0702004,0.00233767,0.00785308,0.0037738,0.00312273,0.0275712,0.0198435,0.00144502,0.000564855,0.0589367,1.15525,2.05832,0.494791,0.000960835,6.19137e-05,0.00395582,0.0313989,0.00898154,0.00200353,0.00517921,0.00511458,0.0256343,0.0675839,0.0143031,0,0.000211325,0.266408,2.3395,2.51456,0.326414,0.000176072,3.42176e-07,0.0135398,0.072205,0.0318904,0.0051879,0.00560995,0.00188283,0.0060171,0.0296343,0.00583906,3.01876e-05,0.000735173,0.418349,2.04604,1.33954,0.0823443,0.000573333,0.00131804,0.0182257,0.031752,0.0039504,0.00384035,0.00735782,0.00241525,0.0637061
136.533333333,0.00207332,0.00266419,0.00226295,0.00333028,0.0252379,0.0039734,2.92991e-07,0.000479606,0.303196,1.56633,1.15145,0.0982205,0.00047963,0.00104779,0.0137543,0.0325413,0.00459656,0.00143222,0.00672279,0.00245876,0.0537431,0.0579924,0.00668023,0.000202124,0.00291975,0.908981,2.60052,1.15253,0.0122212,0.000190667,0.005013,0.0518986,0.0636634,0.00110351,0.00333222,0.00325319,0.00267351,0.0249066,0.0161647,0.00144511,0.000564901,0.0553305,0.994059,1.70465,0.42248,0.000960835,6.19137e-05,0.00395582,0.0292985,0.00802211,0.00200353,0.00517921,0.00511458,0.0235139,0.0606776,0.00934111,3.5016e-09,0.0002116,0.234872,1.99527,2.11132,0.287665,0.000176072,3.42176e-07,0.0096609,0.0659071,0.029823,0.0051879,0.00560995,0.00188283,0.00511787,0.0267886,0.00391649,3.01876e-05,0.000735852,0.39181,1.75743,1.13854,0.0737524,0.000573333,0.00131804,0.0149758,0.0298688,0.0037683,0.00384035,0.00735782,0.00205758,0.0598211
137.898666667,0.000692099,0.000731525,0.000777216,0.00244627,0.0228142,0.00309229,2.92991e-07,0.000479606,0.243929,1.24767,0.905058,0.0817789,0.00047963,0.00104779,0.013144,0.028188,0.0034786,0.000425563,0.00229725,0.00109363,0.0480286,0.0536504,0.00587058,0.000179035,0.00276124,0.760335,2.12762,0.940452,0.00760523,0.000168082,0.00480421,0.0494384,0.0565464,0.00028697,0.00105937,0.00126105,0.0018061,0.0219802,0.0149535,0.00140333,0.000564902,0.0462997,0.7969,1.37927,0.344206,0.000750697,6.19137e-05,0.00320592,0.0267957,0.00624758,0.000742858,0.00162187,0.00190673,0.0203946,0.054922,0.00743862,8.04899e-09,0.000211615,0.195919,1.64616,1.73109,0.243579,0.000176072,3.42176e-07,0.00775788,0.0597236,0.0257085,0.00198865,0.00168383,0.000843393,0.00382691,0.0248027,0.00330005,3.02062e-05,0.000735854,0.312296,1.40808,0.916632,0.0649905,0.000573335,0.00131804,0.0135884,0.0262861,0.00291122,0.00124282,0.00278078,0.000889433,0.054227
139.264000000,8.32017e-06,9.29257e-05,0.000277169,0.00180058,0.0206429,0.00279005,2.92991e-07,0.000479606,0.195136,0.984336,0.697568,0.0671067,0.00047963,0.00104779,0.0129663,0.0234615,0.00200693,3.19128e-05,0.000585129,0.000401243,0.04142,0.0498124,0.00545207,0.000179035,0.00230184,0.613813,1.69441,0.752282,0.00655589,0.000163302,0.00480421,0.0460588,0.0462662,5.49493e-06,8.42552e-06,0.000364454,0.000930784,0.0181376,0.0141363,0.00136329,0.000564902,0.0378276,0.630225,1.07493,0.265969,0.000750697,6.19137e-05,0.00294037,0.0247327,0.00460197,0.000304849,0.000403863,0.000586347,0.0169768,0.0489393,0.0066405,8.04899e-09,0.000211615,0.159479,1.32333,1.3838,0.199978,0.000176072,3.42176e-07,0.00695206,0.0536213,0.0217988,0.000659493,0.000485047,0.000243714,0.0027486,0.0221545,0.00293756,3.02062e-05,0.000735854,0.253581,1.13372,0.716402,0.0547934,0.000573335,0.0013006,0.0130046,0.0229569,0.00190036,0.00047741,0.000866549,0.000338236,0.0472546
140.629333333,8.32017e-06,4.42581e-06,3.4674e-06,0.000740123,0.0173632,0.00279005,2.92991e-07,0.000479606,0.161169,0.765775,0.517874,0.0491906,0.00047963,0.000960139,0.0113175,0.0169343,0.000646389,3.19128e-05,6.11122e-06,5.92318e-06,0.0344818,0.0450754,0.00545207,0.000168678,0.00224705,0.508578,1.35857,0.587115,0.0046708,0.000163302,0.00390372,0.0392276,0.0353309,5.49493e-06,8.42552e-06,5.86218e-05,0.000854859,0.0144729,0.0132265,0.00136329,0.000564902,0.0355435,0.494467,0.832603,0.199389,0.000750697,6.19137e-05,0.00294037,0.0211174,0.0030387,3.73973e-06,3.74323e-06,7.37674e-06,0.0137424,0.0420016,0.0066405,8.04899e-09,0.000211615,0.127961,1.04005,1.0829,0.157389,0.000176072,3.42176e-07,0.00695206,0.0457942,0.0169268,7.59623e-06,4.52188e-06,3.21668e-06,0.00185286,0.0192726,0.00293756,3.02062e-05,0.000735854,0.193217,0.859766,0.538077,0.0431241,0.000573335,0.0013006,0.0126181,0.0177309,0.000734151,4.21496e-05,6.80723e-06,5.13652e-06,0.038084
141.994666667,0,5.50784e-07,3.4674e-06,0.00055282,0.0140256,0.00216654,2.92991e-07,0.000479606,0.129011,0.607592,0.40886,0.043166,0.00047963,0.000890609,0.00981147,0.0119999,0.000645315,2.75925e-05,6.11122e-06,5.92318e-06,0.0276057,0.0385025,0.00445615,0.000168678,0.00208766,0.400128,1.0996,0.48112,0.00467003,0.000163158,0.00354786,0.0324308,0.0261477,0,3.85312e-07,5.86218e-05,0.000741206,0.0103437,0.0112606,0.00113854,0.000564902,0.028639,0.379961,0.656521,0.16069,0.000750697,6.19137e-05,0.0023011,0.0175366,0.00198845,3.73973e-06,3.74323e-06,7.37674e-06,0.00940065,0.0335805,0.00520525,8.04899e-09,0.000211615,0.0951266,0.824534,0.874591,0.129034,0.000176072,3.42176e-07,0.00543886,0.0370832,0.013198,7.59623e-06,4.52188e-06,3.21668e-06,0.000663069,0.0153683,0.00224278,3.02062e-05,0.000735854,0.157094,0.683859,0.426423,0.0379568,0.000573335,0.00110529,0.0107988,0.0135725,0.000734151,4.21496e-05,6.80723e-06,5.13652e-06,0.0302975
143.360000000,0,1.59841e-07,9.54896e-08,0.000107205,0.0101569,0.00194883,2.92991e-07,0.000479606,0.102988,0.498602,0.333215,0.0322532,0.00047963,0.000463371,0.00718249,0.0079736,0.000535156,2.75925e-05,8.61032e-08,1.09657e-07,0.0207379,0.0314869,0.00408079,0.000168406,0.00149536,0.367309,0.97728,0.423536,0.0044116,0.000163158,0.00354786,0.0324308,0.0261477,0,8.6637e-09,5.6252e-05,0.000310151,0.00761814,0.00913939,0.00102705,0.000564902,0.0246582,0.319279,0.546022,0.132577,0.000750697,6.19137e-05,0.00205891,0.013187,0.000608734,0,5.10005e-10,4.77451e-08,0.00651139,0.0250627,0.00473203,8.04899e-09,0.000211615,0.094285,0.730025,0.753594,0.0968109,0.000176072,3.42176e-07,0.00494693,0.0281265,0.00824732,0,5.00358e-09,1.91638e-09,0.000455226,0.0116921,0.0020352,3.02062e-05,0.000735854,0.124239,0.554142,0.350542,0.030448,0.000573335,0.00102947,0.00920025,0.00895522,0.000605556,3.81132e-05,0,2.40083e-10,0.0226651
144.725333333,0,1.59841e-07,9.54896e-08,0.000107205,0.00728261,0.000887645,2.92991e-07,0.000479606,0.078867,0.380042,0.251278,0.023474,0.00047963,0.000184192,0.00522408,0.00575257,0.000192154,2.75925e-05,8.61032e-08,1.09657e-07,0.015246,0.0229887,0.00169186,0.000168406,0.00136515,0.299369,0.788516,0.343153,0.00361778,0.000163158,0.00168681,0.0249715,0.0195897,0,8.6637e-09,5.6252e-05,0.000255313,0.00456684,0.0064846,0.000460063,0.000564902,0.0180055,0.250993,0.433905,0.101748,0.000750697,6.19137e-05,0.000913595,0.0100231,0.000433135,0,5.10005e-10,4.77451e-08,0.00479482,0.0185022,0.00254387,8.04899e-09,0.000211615,0.0745012,0.581812,0.595638,0.0758359,0.000176072,3.42176e-07,0.00237955,0.0202925,0.00584712,0,5.00358e-09,1.91638e-09,9.49652e-05,0.00845172,0.000887966,3.02062e-05,0.000735854,0.095576,0.444654,0.275805,0.0220467,0.000573335,0.000434128,0.0067731,0.00661698,0.000254867,3.81132e-05,0,2.40083e-10,0.0171112
146.090666667,0,1.59841e-07,9.54896e-08,0.000107205,0.00728261,0.000887645,2.92991e-07,0.000479606,0.0627009,0.272681,0.178669,0.019044,0.00047963,0,0.00351383,0.00308998,0.000144149,2.75925e-05,8.61032e-08,1.09657e-07,0.015246,0.0229887,0.00169186,0.000168406,0.00136515,0.243798,0.610063,0.265967,0.00349376,0.000163158,0.000762866,0.0188003,0.0141907,0,8.6637e-09,5.6252e-05,0.000255313,0.00456684,0.0064846,0.000460063,0.000564902,0.0155595,0.184024,0.313267,0.0784043,0.000750697,6.19137e-05,0.000386819,0.00698899,8.87804e-05,0,5.10005e-10,4.77451e-08,0.00479482,0.0185022,0.00254387,8.04899e-09,0.000211615,0.060765,0.455353,0.459095,0.0590879,0.000176072,3.42176e-07,0.00139162,0.0144309,0.00423379,0,5.00358e-09,1.91638e-09,9.49652e-05,0.00845172,0.000887966,3.02062e-05,0.000735854,0.0728229,0.327175,0.199409,0.0178182,0.000573335,0.000182171,0.00485427,0.00380412,0.000204189,3.81132e-05,0,2.40083e-10,0.0171112
147.456000000,0,1.59841e-07,9.54896e-08,0,0.0046157,0.000418952,2.92991e-07,0.000479606,0.0343247,0.187825,0.122491,0.0168276,0.00047963,0,0.0022393,0.00143988,0.000144149,2.75925e-05,8.61032e-08,1.09657e-07,0.0101442,0.0163247,0.000672143,0.000168406,0.000990728,0.154725,0.449731,0.208302,0.00349376,0.000163158,0,0.0125743,0.00946017,0,8.6637e-09,5.6252e-05,0.000255313,0.00264152,0.00465818,0.000197101,0.000564902,0.00711263,0.122772,0.221522,0.0625775,0.000750697,6.19137e-05,5.37115e-05,0.00455281,8.87804e-05,0,5.10005e-10,4.77451e-08,0.00393456,0.0123208,0.00147669,8.04899e-09,0.000211615,0.0521699,0.32643,0.33328,0.0512434,0.000176072,3.42176e-07,0.000640497,0.00883046,0.00345075,0,5.00358e-09,1.91638e-09,9.49652e-05,0.00582268,0.000422609,3.02062e-05,0.000735854,0.0573585,0.229075,0.143683,0.015795,0.000573335,3.68972e-09,0.00328613,0.00207922,0.000204189,3.81132e-05,0,2.40083e-10,0.0120866
148.821333333,0,1.59841e-07,9.54896e-08,0,0.00281826,0.000173429,2.92991e-07,7.12011e-05,0.0239594,0.124801,0.0772924,0.00615617,0.00047963,0,0.00130168,0.000515257,5.12234e-05,2.75925e-05,8.61032e-08,1.09657e-07,0.00618973,0.0108643,5.25134e-08,2.37576e-08,0.000627754,0.110728,0.319855,0.131299,0.00143627,0.000163158,0,0.0077159,0.00516206,0,8.6637e-09,5.6252e-05,0.000112126,0.00119867,0.00302193,1.50976e-07,0.000564902,0.00439779,0.076226,0.147337,0.0361085,0.000678553,6.19137e-05,5.37115e-05,0.00235774,0,0,5.10005e-10,4.77451e-08,0.000704169,0.00843832,0.00100662,8.04899e-09,0.000211615,0.019323,0.226697,0.235375,0.0205277,0.000176072,3.42176e-07,0.000640497,0.00566402,0.000481264,0,5.00358e-09,1.91638e-09,6.33757e-11,0.00346404,0.000102196,3.02062e-05,0.000735854,0.0303367,0.155017,0.0902799,0.00570296,0.000573335,3.68972e-09,0.00198033,0.000791493,7.47691e-05,3.81132e-05,0,2.40083e-10,0.00756598